queue_id,status,screen_id,screen_path,level,chapter,lesson,sublesson,screen,media_type,continuity_group,suggested_filename,final_asset_path,source_file,media_property,generation_prompt,generation_handoff,confidence
"1","pending_generation","B2.C01.L01.A01.S01","B2 > Myself > Introducing yourself in a humble way > A01 > S01","B2","C01","L01","A01","S01","video","B2.C01.L01.A01","B2-C01-L01-A01-S01.mp4","apps/web/public/media/busuu/b2/c01/l01/B2-C01-L01-A01-S01.mp4","apps/web/content/busuu/b2-c01-l01.v1.json","visualSrc","Create an original silent video in a 16:9 frame for a Japanese learning scene. Teaching context: Introduce oneself using humble self forms and distinguish casual, polite and humble registers. Scene/action context: Humble introduction model with parallel script and translation. Meaning for visual context only, never visible text: My name is Yamaguchi.. People/roles: man. Observed scene description: Man in office, suited, speaking directly to camera. Use only the documented action/context; do not add curriculum events. Duration: 5.572233 seconds (retained observed duration). Camera: Speaker addresses camera; other camera behaviour is unspecified. No exact opening pose/frame specified; establish from the documented scene context. No exact closing pose/frame specified; finish the documented action without adding events. All Japanese words, kanji, subtitles, translations, answer choices, captions and teaching labels are rendered by the app UI: generate no written text, no subtitles, no UI, no logos and no answer overlays. Generate no speech or audio track; the app supplies synthesized dialogue separately. Visual design and clothing are not fixed by the project; establish a consistent design within continuity group B2.C01.L01.A01, but do not treat different documented speakers as the same person. Do not copy source screenshots or branding.","B2 MEDIA QUEUE #0001 | Screen: B2.C01.L01.A01.S01 | Type: video | Save as: B2-C01-L01-A01-S01.mp4 | Destination: apps/web/public/media/busuu/b2/c01/l01/B2-C01-L01-A01-S01.mp4 | Source: apps/web/content/busuu/b2-c01-l01.v1.json | Target: screenId=B2.C01.L01.A01.S01, proposed visualSrc | Status: pending_generation | Renderer/schema and version compatibility prerequisites apply","high"
"2","pending_generation","B2.C01.L01.A01.S02","B2 > Myself > Introducing yourself in a humble way > A01 > S02","B2","C01","L01","A01","S02","image","B2.C01.L01.A01","B2-C01-L01-A01-S02.webp","apps/web/public/media/busuu/b2/c01/l01/B2-C01-L01-A01-S02.webp","apps/web/content/busuu/b2-c01-l01.v1.json","visualSrc","Create an original image in a 16:9 frame for a Japanese learning scene. Teaching context: Introduce oneself using humble self forms and distinguish casual, polite and humble registers. Scene/action context: Formal-introduction meaning recognition with Japanese text. People/roles: woman. Observed scene description: Woman bowing outdoors beside another person. Use only the documented action/context; do not add curriculum events. All Japanese words, kanji, subtitles, translations, answer choices, captions and teaching labels are rendered by the app UI: generate no written text, no subtitles, no UI, no logos and no answer overlays. Visual design and clothing are not fixed by the project; establish a consistent design within continuity group B2.C01.L01.A01, but do not treat different documented speakers as the same person. Do not copy source screenshots or branding.","B2 MEDIA QUEUE #0002 | Screen: B2.C01.L01.A01.S02 | Type: image | Save as: B2-C01-L01-A01-S02.webp | Destination: apps/web/public/media/busuu/b2/c01/l01/B2-C01-L01-A01-S02.webp | Source: apps/web/content/busuu/b2-c01-l01.v1.json | Target: screenId=B2.C01.L01.A01.S02, proposed visualSrc | Status: pending_generation | Renderer/schema and version compatibility prerequisites apply","high"
"3","pending_generation","B2.C01.L01.A01.S04","B2 > Myself > Introducing yourself in a humble way > A01 > S04","B2","C01","L01","A01","S04","video","B2.C01.L01.A01","B2-C01-L01-A01-S04.mp4","apps/web/public/media/busuu/b2/c01/l01/B2-C01-L01-A01-S04.mp4","apps/web/content/busuu/b2-c01-l01.v1.json","visualSrc","Create an original silent video in a 16:9 frame for a Japanese learning scene. Teaching context: Introduce oneself using humble self forms and distinguish casual, polite and humble registers. Scene/action context: Humble-coming stem inference with past suffix supplied. Meaning for visual context only, never visible text: Nice to meet you. My name is Shinichi Murata. I'm from Kyoto.. People/roles: man. Observed scene description: Man in an office, suited, speaking directly to camera. Use only the documented action/context; do not add curriculum events. Duration: 9.943267 seconds (retained observed duration). Camera: Speaker addresses camera; other camera behaviour is unspecified. No exact opening pose/frame specified; establish from the documented scene context. No exact closing pose/frame specified; finish the documented action without adding events. All Japanese words, kanji, subtitles, translations, answer choices, captions and teaching labels are rendered by the app UI: generate no written text, no subtitles, no UI, no logos and no answer overlays. Generate no speech or audio track; the app supplies synthesized dialogue separately. Visual design and clothing are not fixed by the project; establish a consistent design within continuity group B2.C01.L01.A01, but do not treat different documented speakers as the same person. Do not copy source screenshots or branding.","B2 MEDIA QUEUE #0003 | Screen: B2.C01.L01.A01.S04 | Type: video | Save as: B2-C01-L01-A01-S04.mp4 | Destination: apps/web/public/media/busuu/b2/c01/l01/B2-C01-L01-A01-S04.mp4 | Source: apps/web/content/busuu/b2-c01-l01.v1.json | Target: screenId=B2.C01.L01.A01.S04, proposed visualSrc | Status: pending_generation | Renderer/schema and version compatibility prerequisites apply","high"
"4","pending_generation","B2.C01.L01.A01.S05","B2 > Myself > Introducing yourself in a humble way > A01 > S05","B2","C01","L01","A01","S05","image","B2.C01.L01.A01","B2-C01-L01-A01-S05.webp","apps/web/public/media/busuu/b2/c01/l01/B2-C01-L01-A01-S05.webp","apps/web/content/busuu/b2-c01-l01.v1.json","visualSrc","Create an original image in a 16:9 frame for a Japanese learning scene. Teaching context: Introduce oneself using humble self forms and distinguish casual, polite and humble registers. Scene/action context: Humble reformulation against casual/request forms. Meaning for visual context only, never visible text: I'm from Barcelona.. People/roles: woman. Observed scene description: Woman portrait beside a map with travel line/plane. Use only the documented action/context; do not add curriculum events. All Japanese words, kanji, subtitles, translations, answer choices, captions and teaching labels are rendered by the app UI: generate no written text, no subtitles, no UI, no logos and no answer overlays. Visual design and clothing are not fixed by the project; establish a consistent design within continuity group B2.C01.L01.A01, but do not treat different documented speakers as the same person. Do not copy source screenshots or branding.","B2 MEDIA QUEUE #0004 | Screen: B2.C01.L01.A01.S05 | Type: image | Save as: B2-C01-L01-A01-S05.webp | Destination: apps/web/public/media/busuu/b2/c01/l01/B2-C01-L01-A01-S05.webp | Source: apps/web/content/busuu/b2-c01-l01.v1.json | Target: screenId=B2.C01.L01.A01.S05, proposed visualSrc | Status: pending_generation | Renderer/schema and version compatibility prerequisites apply","high"
"5","pending_generation","B2.C01.L01.A01.S06","B2 > Myself > Introducing yourself in a humble way > A01 > S06","B2","C01","L01","A01","S06","image","B2.C01.L01.A01","B2-C01-L01-A01-S06.webp","apps/web/public/media/busuu/b2/c01/l01/B2-C01-L01-A01-S06.webp","apps/web/content/busuu/b2-c01-l01.v1.json","visualSrc","Create an original image in a 16:9 frame for a Japanese learning scene. Teaching context: Introduce oneself using humble self forms and distinguish casual, polite and humble registers. Scene/action context: Combined humble name and origin gaps. Meaning for visual context only, never visible text: Nice to meet you. My name is Smith. I'm from Chicago, America.. People/roles: man. Observed scene description: Man portrait beside a map with travel line/plane. Use only the documented action/context; do not add curriculum events. All Japanese words, kanji, subtitles, translations, answer choices, captions and teaching labels are rendered by the app UI: generate no written text, no subtitles, no UI, no logos and no answer overlays. Visual design and clothing are not fixed by the project; establish a consistent design within continuity group B2.C01.L01.A01, but do not treat different documented speakers as the same person. Do not copy source screenshots or branding.","B2 MEDIA QUEUE #0005 | Screen: B2.C01.L01.A01.S06 | Type: image | Save as: B2-C01-L01-A01-S06.webp | Destination: apps/web/public/media/busuu/b2/c01/l01/B2-C01-L01-A01-S06.webp | Source: apps/web/content/busuu/b2-c01-l01.v1.json | Target: screenId=B2.C01.L01.A01.S06, proposed visualSrc | Status: pending_generation | Renderer/schema and version compatibility prerequisites apply","high"
"6","pending_generation","B2.C01.L02.A01.S01","B2 > Myself > Asking a question respectfully > A01 > S01","B2","C01","L02","A01","S01","video","B2.C01.L02.A01","B2-C01-L02-A01-S01.mp4","apps/web/public/media/busuu/b2/c01/l02/B2-C01-L02-A01-S01.mp4","apps/web/content/busuu/b2-c01-l02.v2.json","visualSrc","Create an original silent video in a 16:9 frame for a Japanese learning scene. Teaching context: Ask origins respectfully and distinguish own versus another person's action. Scene/action context: Respectful question model. Meaning for visual context only, never visible text: Where have you come from?. Use only the documented action/context; do not add curriculum events. Duration: 5 seconds (estimate; adjust for the documented action). Camera: Not specified in retained screen material. No exact opening pose/frame specified; establish from the documented scene context. No exact closing pose/frame specified; finish the documented action without adding events. All Japanese words, kanji, subtitles, translations, answer choices, captions and teaching labels are rendered by the app UI: generate no written text, no subtitles, no UI, no logos and no answer overlays. Generate no speech or audio track; the app supplies synthesized dialogue separately. Visual design and clothing are not fixed by the project; establish a consistent design within continuity group B2.C01.L02.A01, but do not treat different documented speakers as the same person. Do not copy source screenshots or branding.","B2 MEDIA QUEUE #0006 | Screen: B2.C01.L02.A01.S01 | Type: video | Save as: B2-C01-L02-A01-S01.mp4 | Destination: apps/web/public/media/busuu/b2/c01/l02/B2-C01-L02-A01-S01.mp4 | Source: apps/web/content/busuu/b2-c01-l02.v2.json | Target: screenId=B2.C01.L02.A01.S01, proposed visualSrc | Status: pending_generation | Renderer/schema and version compatibility prerequisites apply","high"
"7","pending_generation","B2.C01.L03.A01.S01","B2 > Myself > Talking about your interests > A01 > S01","B2","C01","L03","A01","S01","video","B2.C01.L03.A01","B2-C01-L03-A01-S01.mp4","apps/web/public/media/busuu/b2/c01/l03/B2-C01-L03-A01-S01.mp4","apps/web/content/busuu/b2-c01-l03.v2.json","visualSrc","Create an original silent video in a 16:9 frame for a Japanese learning scene. Teaching context: Describe interests in cultural and natural topics. Scene/action context: Interest phrase model. Meaning for visual context only, never visible text: I am interested in Japanese culture.. Use only the documented action/context; do not add curriculum events. Duration: 5 seconds (estimate; adjust for the documented action). Camera: Not specified in retained screen material. No exact opening pose/frame specified; establish from the documented scene context. No exact closing pose/frame specified; finish the documented action without adding events. All Japanese words, kanji, subtitles, translations, answer choices, captions and teaching labels are rendered by the app UI: generate no written text, no subtitles, no UI, no logos and no answer overlays. Generate no speech or audio track; the app supplies synthesized dialogue separately. Visual design and clothing are not fixed by the project; establish a consistent design within continuity group B2.C01.L03.A01, but do not treat different documented speakers as the same person. Do not copy source screenshots or branding.","B2 MEDIA QUEUE #0007 | Screen: B2.C01.L03.A01.S01 | Type: video | Save as: B2-C01-L03-A01-S01.mp4 | Destination: apps/web/public/media/busuu/b2/c01/l03/B2-C01-L03-A01-S01.mp4 | Source: apps/web/content/busuu/b2-c01-l03.v2.json | Target: screenId=B2.C01.L03.A01.S01, proposed visualSrc | Status: pending_generation | Renderer/schema and version compatibility prerequisites apply","high"
"8","pending_generation","B2.C01.L03.A01.S09","B2 > Myself > Talking about your interests > A01 > S09","B2","C01","L03","A01","S09","video","B2.C01.L03.A01.S09","B2-C01-L03-A01-S09.mp4","apps/web/public/media/busuu/b2/c01/l03/B2-C01-L03-A01-S09.mp4","apps/web/content/busuu/b2-c01-l03.v2.json","visualSrc","Create an original silent video in a 16:9 frame for a Japanese learning scene. Teaching context: Describe interests in cultural and natural topics. Scene/action context: Hotel guest/staff video with English dialogue. Meaning for visual context only, never visible text: Welcome. Where have you come from? I have come from Australia. What kind of places would you like to visit in Japan? I am interested in Japanese culture. Please tell me about a museum you recommend. Nearby, there is a museum that introduces Japanese history and traditional culture. Thank you. I would also like to go somewhere rich in nature. In that case, I also recommend a park with mountains and forests. I would love to visit.. People/roles: guest; staff. Ordered conversation meanings for silent performance: [{""speaker"":""staff"",""meaning"":""Welcome. Where have you come from?""},{""speaker"":""guest"",""meaning"":""I have come from Australia.""},{""speaker"":""staff"",""meaning"":""What kind of places would you like to visit in Japan?""},{""speaker"":""guest"",""meaning"":""I am interested in Japanese culture. Please tell me about a museum you recommend.""},{""speaker"":""staff"",""meaning"":""Nearby, there is a museum that introduces Japanese history and traditional culture.""},{""speaker"":""guest"",""meaning"":""Thank you. I would also like to go somewhere rich in nature.""},{""speaker"":""staff"",""meaning"":""In that case, I also recommend a park with mountains and forests.""},{""speaker"":""guest"",""meaning"":""I would love to visit.""}]. Use only the documented action/context; do not add curriculum events. Duration: 37 seconds (estimate; adjust for the documented action). Camera: Not specified in retained screen material. No exact opening pose/frame specified; establish from the documented scene context. No exact closing pose/frame specified; finish the documented action without adding events. All Japanese words, kanji, subtitles, translations, answer choices, captions and teaching labels are rendered by the app UI: generate no written text, no subtitles, no UI, no logos and no answer overlays. Generate no speech or audio track; the app supplies synthesized dialogue separately. Visual design and clothing are not fixed by the project; establish a consistent design within continuity group B2.C01.L03.A01.S09, but do not treat different documented speakers as the same person. Do not copy source screenshots or branding.","B2 MEDIA QUEUE #0008 | Screen: B2.C01.L03.A01.S09 | Type: video | Save as: B2-C01-L03-A01-S09.mp4 | Destination: apps/web/public/media/busuu/b2/c01/l03/B2-C01-L03-A01-S09.mp4 | Source: apps/web/content/busuu/b2-c01-l03.v2.json | Target: screenId=B2.C01.L03.A01.S09, proposed visualSrc | Status: pending_generation | Renderer/schema and version compatibility prerequisites apply","high"
"9","pending_generation","B2.C01.L04.A01.S01","B2 > Myself > Listing things > A01 > S01","B2","C01","L04","A01","S01","video","B2.C01.L04.A01","B2-C01-L04-A01-S01.mp4","apps/web/public/media/busuu/b2/c01/l04/B2-C01-L04-A01-S01.mp4","apps/web/content/busuu/b2-c01-l04.v1.json","visualSrc","Create an original silent video in a 16:9 frame for a Japanese learning scene. Teaching context: Use casual non-exhaustive noun lists and discourse adverbs. Scene/action context: Casual list model. Meaning for visual context only, never visible text: I want to go to places such as Kyoto and Nara.. Use only the documented action/context; do not add curriculum events. Duration: 5 seconds (estimate; adjust for the documented action). Camera: Not specified in retained screen material. No exact opening pose/frame specified; establish from the documented scene context. No exact closing pose/frame specified; finish the documented action without adding events. All Japanese words, kanji, subtitles, translations, answer choices, captions and teaching labels are rendered by the app UI: generate no written text, no subtitles, no UI, no logos and no answer overlays. Generate no speech or audio track; the app supplies synthesized dialogue separately. Visual design and clothing are not fixed by the project; establish a consistent design within continuity group B2.C01.L04.A01, but do not treat different documented speakers as the same person. Do not copy source screenshots or branding.","B2 MEDIA QUEUE #0009 | Screen: B2.C01.L04.A01.S01 | Type: video | Save as: B2-C01-L04-A01-S01.mp4 | Destination: apps/web/public/media/busuu/b2/c01/l04/B2-C01-L04-A01-S01.mp4 | Source: apps/web/content/busuu/b2-c01-l04.v1.json | Target: screenId=B2.C01.L04.A01.S01, proposed visualSrc | Status: pending_generation | Renderer/schema and version compatibility prerequisites apply","high"
"10","pending_generation","B2.C02.L01.A01.S01","B2 > Personalities > Describing people's personalities > A01 > S01","B2","C02","L01","A01","S01","video","B2.C02.L01.A01","B2-C02-L01-A01-S01.mp4","apps/web/public/media/busuu/b2/c02/l01/B2-C02-L01-A01-S01.mp4","apps/web/content/busuu/b2-c02-l01.v1.json","visualSrc","Create an original silent video in a 16:9 frame for a Japanese learning scene. Teaching context: Describe traits and contrast expectations with actuality. Scene/action context: Positive-outlook model. Meaning for visual context only, never visible text: I am optimistic. I always think positively.. Use only the documented action/context; do not add curriculum events. Duration: 5 seconds (estimate; adjust for the documented action). Camera: Not specified in retained screen material. No exact opening pose/frame specified; establish from the documented scene context. No exact closing pose/frame specified; finish the documented action without adding events. All Japanese words, kanji, subtitles, translations, answer choices, captions and teaching labels are rendered by the app UI: generate no written text, no subtitles, no UI, no logos and no answer overlays. Generate no speech or audio track; the app supplies synthesized dialogue separately. Visual design and clothing are not fixed by the project; establish a consistent design within continuity group B2.C02.L01.A01, but do not treat different documented speakers as the same person. Do not copy source screenshots or branding.","B2 MEDIA QUEUE #0010 | Screen: B2.C02.L01.A01.S01 | Type: video | Save as: B2-C02-L01-A01-S01.mp4 | Destination: apps/web/public/media/busuu/b2/c02/l01/B2-C02-L01-A01-S01.mp4 | Source: apps/web/content/busuu/b2-c02-l01.v1.json | Target: screenId=B2.C02.L01.A01.S01, proposed visualSrc | Status: pending_generation | Renderer/schema and version compatibility prerequisites apply","high"
"11","pending_generation","B2.C02.L01.A01.S03","B2 > Personalities > Describing people's personalities > A01 > S03","B2","C02","L01","A01","S03","video","B2.C02.L01.A01","B2-C02-L01-A01-S03.mp4","apps/web/public/media/busuu/b2/c02/l01/B2-C02-L01-A01-S03.mp4","apps/web/content/busuu/b2-c02-l01.v1.json","visualSrc","Create an original silent video in a 16:9 frame for a Japanese learning scene. Teaching context: Describe traits and contrast expectations with actuality. Scene/action context: Seriousness/diligence model. Meaning for visual context only, never visible text: My older sister is diligent. She studies hard every day.. Use only the documented action/context; do not add curriculum events. Duration: 5 seconds (estimate; adjust for the documented action). Camera: Not specified in retained screen material. No exact opening pose/frame specified; establish from the documented scene context. No exact closing pose/frame specified; finish the documented action without adding events. All Japanese words, kanji, subtitles, translations, answer choices, captions and teaching labels are rendered by the app UI: generate no written text, no subtitles, no UI, no logos and no answer overlays. Generate no speech or audio track; the app supplies synthesized dialogue separately. Visual design and clothing are not fixed by the project; establish a consistent design within continuity group B2.C02.L01.A01, but do not treat different documented speakers as the same person. Do not copy source screenshots or branding.","B2 MEDIA QUEUE #0011 | Screen: B2.C02.L01.A01.S03 | Type: video | Save as: B2-C02-L01-A01-S03.mp4 | Destination: apps/web/public/media/busuu/b2/c02/l01/B2-C02-L01-A01-S03.mp4 | Source: apps/web/content/busuu/b2-c02-l01.v1.json | Target: screenId=B2.C02.L01.A01.S03, proposed visualSrc | Status: pending_generation | Renderer/schema and version compatibility prerequisites apply","high"
"12","pending_generation","B2.C02.L01.A01.S05","B2 > Personalities > Describing people's personalities > A01 > S05","B2","C02","L01","A01","S05","video","B2.C02.L01.A01","B2-C02-L01-A01-S05.mp4","apps/web/public/media/busuu/b2/c02/l01/B2-C02-L01-A01-S05.mp4","apps/web/content/busuu/b2-c02-l01.v1.json","visualSrc","Create an original silent video in a 16:9 frame for a Japanese learning scene. Teaching context: Describe traits and contrast expectations with actuality. Scene/action context: Stubbornness/kindness contrast. Meaning for visual context only, never visible text: My father is stubborn, but actually kind.. Use only the documented action/context; do not add curriculum events. Duration: 5 seconds (estimate; adjust for the documented action). Camera: Not specified in retained screen material. No exact opening pose/frame specified; establish from the documented scene context. No exact closing pose/frame specified; finish the documented action without adding events. All Japanese words, kanji, subtitles, translations, answer choices, captions and teaching labels are rendered by the app UI: generate no written text, no subtitles, no UI, no logos and no answer overlays. Generate no speech or audio track; the app supplies synthesized dialogue separately. Visual design and clothing are not fixed by the project; establish a consistent design within continuity group B2.C02.L01.A01, but do not treat different documented speakers as the same person. Do not copy source screenshots or branding.","B2 MEDIA QUEUE #0012 | Screen: B2.C02.L01.A01.S05 | Type: video | Save as: B2-C02-L01-A01-S05.mp4 | Destination: apps/web/public/media/busuu/b2/c02/l01/B2-C02-L01-A01-S05.mp4 | Source: apps/web/content/busuu/b2-c02-l01.v1.json | Target: screenId=B2.C02.L01.A01.S05, proposed visualSrc | Status: pending_generation | Renderer/schema and version compatibility prerequisites apply","high"
"13","pending_generation","B2.C02.L03.A01.S01","B2 > Personalities > Describing personality traits > A01 > S01","B2","C02","L03","A01","S01","video","B2.C02.L03.A01","B2-C02-L03-A01-S01.mp4","apps/web/public/media/busuu/b2/c02/l03/B2-C02-L03-A01-S01.mp4","apps/web/content/busuu/b2-c02-l03.v1.json","visualSrc","Create an original silent video in a 16:9 frame for a Japanese learning scene. Teaching context: Derive selected characteristic nouns from adjectives and interpret traits. Scene/action context: Cold-sensitive trait in reason context. Meaning for visual context only, never visible text: I am sensitive to cold, so winter is difficult for me.. Use only the documented action/context; do not add curriculum events. Duration: 5 seconds (estimate; adjust for the documented action). Camera: Not specified in retained screen material. No exact opening pose/frame specified; establish from the documented scene context. No exact closing pose/frame specified; finish the documented action without adding events. All Japanese words, kanji, subtitles, translations, answer choices, captions and teaching labels are rendered by the app UI: generate no written text, no subtitles, no UI, no logos and no answer overlays. Generate no speech or audio track; the app supplies synthesized dialogue separately. Visual design and clothing are not fixed by the project; establish a consistent design within continuity group B2.C02.L03.A01, but do not treat different documented speakers as the same person. Do not copy source screenshots or branding.","B2 MEDIA QUEUE #0013 | Screen: B2.C02.L03.A01.S01 | Type: video | Save as: B2-C02-L03-A01-S01.mp4 | Destination: apps/web/public/media/busuu/b2/c02/l03/B2-C02-L03-A01-S01.mp4 | Source: apps/web/content/busuu/b2-c02-l03.v1.json | Target: screenId=B2.C02.L03.A01.S01, proposed visualSrc | Status: pending_generation | Renderer/schema and version compatibility prerequisites apply","high"
"14","pending_generation","B2.C02.L04.A01.S01","B2 > Personalities > Asking about people's personalities > A01 > S01","B2","C02","L04","A01","S01","video","B2.C02.L04.A01","B2-C02-L04-A01-S01.mp4","apps/web/public/media/busuu/b2/c02/l04/B2-C02-L04-A01-S01.mp4","apps/web/content/busuu/b2-c02-l04.v1.json","visualSrc","Create an original silent video in a 16:9 frame for a Japanese learning scene. Teaching context: Ask about and evaluate personality with appropriate predicate structures. Scene/action context: Laid-back disposition. Meaning for visual context only, never visible text: My older brother is laid-back. He does not hurry much.. Use only the documented action/context; do not add curriculum events. Duration: 5 seconds (estimate; adjust for the documented action). Camera: Not specified in retained screen material. No exact opening pose/frame specified; establish from the documented scene context. No exact closing pose/frame specified; finish the documented action without adding events. All Japanese words, kanji, subtitles, translations, answer choices, captions and teaching labels are rendered by the app UI: generate no written text, no subtitles, no UI, no logos and no answer overlays. Generate no speech or audio track; the app supplies synthesized dialogue separately. Visual design and clothing are not fixed by the project; establish a consistent design within continuity group B2.C02.L04.A01, but do not treat different documented speakers as the same person. Do not copy source screenshots or branding.","B2 MEDIA QUEUE #0014 | Screen: B2.C02.L04.A01.S01 | Type: video | Save as: B2-C02-L04-A01-S01.mp4 | Destination: apps/web/public/media/busuu/b2/c02/l04/B2-C02-L04-A01-S01.mp4 | Source: apps/web/content/busuu/b2-c02-l04.v1.json | Target: screenId=B2.C02.L04.A01.S01, proposed visualSrc | Status: pending_generation | Renderer/schema and version compatibility prerequisites apply","high"
"15","pending_generation","B2.C02.L04.A01.S04","B2 > Personalities > Asking about people's personalities > A01 > S04","B2","C02","L04","A01","S04","video","B2.C02.L04.A01","B2-C02-L04-A01-S04.mp4","apps/web/public/media/busuu/b2/c02/l04/B2-C02-L04-A01-S04.mp4","apps/web/content/busuu/b2-c02-l04.v1.json","visualSrc","Create an original silent video in a 16:9 frame for a Japanese learning scene. Teaching context: Ask about and evaluate personality with appropriate predicate structures. Scene/action context: Personality question. Meaning for visual context only, never visible text: What is your older sister’s personality like?. Use only the documented action/context; do not add curriculum events. Duration: 5 seconds (estimate; adjust for the documented action). Camera: Not specified in retained screen material. No exact opening pose/frame specified; establish from the documented scene context. No exact closing pose/frame specified; finish the documented action without adding events. All Japanese words, kanji, subtitles, translations, answer choices, captions and teaching labels are rendered by the app UI: generate no written text, no subtitles, no UI, no logos and no answer overlays. Generate no speech or audio track; the app supplies synthesized dialogue separately. Visual design and clothing are not fixed by the project; establish a consistent design within continuity group B2.C02.L04.A01, but do not treat different documented speakers as the same person. Do not copy source screenshots or branding.","B2 MEDIA QUEUE #0015 | Screen: B2.C02.L04.A01.S04 | Type: video | Save as: B2-C02-L04-A01-S04.mp4 | Destination: apps/web/public/media/busuu/b2/c02/l04/B2-C02-L04-A01-S04.mp4 | Source: apps/web/content/busuu/b2-c02-l04.v1.json | Target: screenId=B2.C02.L04.A01.S04, proposed visualSrc | Status: pending_generation | Renderer/schema and version compatibility prerequisites apply","high"
"16","pending_generation","B2.C02.L05.A01.S01","B2 > Personalities > Learning more personality traits > A01 > S01","B2","C02","L05","A01","S01","video","B2.C02.L05.A01","B2-C02-L05-A01-S01.mp4","apps/web/public/media/busuu/b2/c02/l05/B2-C02-L05-A01-S01.mp4","apps/web/content/busuu/b2-c02-l05.v1.json","visualSrc","Create an original silent video in a 16:9 frame for a Japanese learning scene. Teaching context: Describe strictness, leniency and social awareness. Scene/action context: Self-strictness/leniency contrast. Meaning for visual context only, never visible text: I am strict with myself, but lenient with other people.. Use only the documented action/context; do not add curriculum events. Duration: 5 seconds (estimate; adjust for the documented action). Camera: Not specified in retained screen material. No exact opening pose/frame specified; establish from the documented scene context. No exact closing pose/frame specified; finish the documented action without adding events. All Japanese words, kanji, subtitles, translations, answer choices, captions and teaching labels are rendered by the app UI: generate no written text, no subtitles, no UI, no logos and no answer overlays. Generate no speech or audio track; the app supplies synthesized dialogue separately. Visual design and clothing are not fixed by the project; establish a consistent design within continuity group B2.C02.L05.A01, but do not treat different documented speakers as the same person. Do not copy source screenshots or branding.","B2 MEDIA QUEUE #0016 | Screen: B2.C02.L05.A01.S01 | Type: video | Save as: B2-C02-L05-A01-S01.mp4 | Destination: apps/web/public/media/busuu/b2/c02/l05/B2-C02-L05-A01-S01.mp4 | Source: apps/web/content/busuu/b2-c02-l05.v1.json | Target: screenId=B2.C02.L05.A01.S01, proposed visualSrc | Status: pending_generation | Renderer/schema and version compatibility prerequisites apply","high"
"17","pending_generation","B2.C03.L01.A01.S01","B2 > Efforts > Saying an action continues > A01 > S01","B2","C03","L01","A01","S01","video","B2.C03.L01.A01","B2-C03-L01-A01-S01.mp4","apps/web/public/media/busuu/b2/c03/l01/B2-C03-L01-A01-S01.mp4","apps/web/content/busuu/b2-c03-l01.v1.json","visualSrc","Create an original silent video in a 16:9 frame for a Japanese learning scene. Teaching context: Describe persistent activities with time anchors. Scene/action context: Habit since school model. Meaning for visual context only, never visible text: I have kept taking piano lessons since my high-school years.. Use only the documented action/context; do not add curriculum events. Duration: 5 seconds (estimate; adjust for the documented action). Camera: Not specified in retained screen material. No exact opening pose/frame specified; establish from the documented scene context. No exact closing pose/frame specified; finish the documented action without adding events. All Japanese words, kanji, subtitles, translations, answer choices, captions and teaching labels are rendered by the app UI: generate no written text, no subtitles, no UI, no logos and no answer overlays. Generate no speech or audio track; the app supplies synthesized dialogue separately. Visual design and clothing are not fixed by the project; establish a consistent design within continuity group B2.C03.L01.A01, but do not treat different documented speakers as the same person. Do not copy source screenshots or branding.","B2 MEDIA QUEUE #0017 | Screen: B2.C03.L01.A01.S01 | Type: video | Save as: B2-C03-L01-A01-S01.mp4 | Destination: apps/web/public/media/busuu/b2/c03/l01/B2-C03-L01-A01-S01.mp4 | Source: apps/web/content/busuu/b2-c03-l01.v1.json | Target: screenId=B2.C03.L01.A01.S01, proposed visualSrc | Status: pending_generation | Renderer/schema and version compatibility prerequisites apply","high"
"18","pending_generation","B2.C03.L02.A01.S01","B2 > Efforts > Using うちに (while) > A01 > S01","B2","C03","L02","A01","S01","video","B2.C03.L02.A01","B2-C03-L02-A01-S01.mp4","apps/web/public/media/busuu/b2/c03/l02/B2-C03-L02-A01-S01.mp4","apps/web/content/busuu/b2-c03-l02.v1.json","visualSrc","Create an original silent video in a 16:9 frame for a Japanese learning scene. Teaching context: Relate an event/change to an ongoing action or state time window. Scene/action context: Activity and changed desire. Meaning for visual context only, never visible text: While studying Japanese, I came to want to live in Japan.. Use only the documented action/context; do not add curriculum events. Duration: 6 seconds (estimate; adjust for the documented action). Camera: Not specified in retained screen material. No exact opening pose/frame specified; establish from the documented scene context. No exact closing pose/frame specified; finish the documented action without adding events. All Japanese words, kanji, subtitles, translations, answer choices, captions and teaching labels are rendered by the app UI: generate no written text, no subtitles, no UI, no logos and no answer overlays. Generate no speech or audio track; the app supplies synthesized dialogue separately. Visual design and clothing are not fixed by the project; establish a consistent design within continuity group B2.C03.L02.A01, but do not treat different documented speakers as the same person. Do not copy source screenshots or branding.","B2 MEDIA QUEUE #0018 | Screen: B2.C03.L02.A01.S01 | Type: video | Save as: B2-C03-L02-A01-S01.mp4 | Destination: apps/web/public/media/busuu/b2/c03/l02/B2-C03-L02-A01-S01.mp4 | Source: apps/web/content/busuu/b2-c03-l02.v1.json | Target: screenId=B2.C03.L02.A01.S01, proposed visualSrc | Status: pending_generation | Renderer/schema and version compatibility prerequisites apply","high"
"19","pending_generation","B2.C03.L03.A01.S04","B2 > Efforts > Using うちに (before) > A01 > S04","B2","C03","L03","A01","S04","video","B2.C03.L03.A01","B2-C03-L03-A01-S04.mp4","apps/web/public/media/busuu/b2/c03/l03/B2-C03-L03-A01-S04.mp4","apps/web/content/busuu/b2-c03-l03.v1.json","visualSrc","Create an original silent video in a 16:9 frame for a Japanese learning scene. Teaching context: Extend time windows to negative verbs and adjectives, then apply availability/state windows in a service context. Scene/action context: Sold-out lexical model with parallel script and purchasing example. Meaning for visual context only, never visible text: The popular shaved ice sells out quickly.. Use only the documented action/context; do not add curriculum events. Duration: 5 seconds (estimate; adjust for the documented action). Camera: Not specified in retained screen material. No exact opening pose/frame specified; establish from the documented scene context. No exact closing pose/frame specified; finish the documented action without adding events. All Japanese words, kanji, subtitles, translations, answer choices, captions and teaching labels are rendered by the app UI: generate no written text, no subtitles, no UI, no logos and no answer overlays. Generate no speech or audio track; the app supplies synthesized dialogue separately. Visual design and clothing are not fixed by the project; establish a consistent design within continuity group B2.C03.L03.A01, but do not treat different documented speakers as the same person. Do not copy source screenshots or branding.","B2 MEDIA QUEUE #0019 | Screen: B2.C03.L03.A01.S04 | Type: video | Save as: B2-C03-L03-A01-S04.mp4 | Destination: apps/web/public/media/busuu/b2/c03/l03/B2-C03-L03-A01-S04.mp4 | Source: apps/web/content/busuu/b2-c03-l03.v1.json | Target: screenId=B2.C03.L03.A01.S04, proposed visualSrc | Status: pending_generation | Renderer/schema and version compatibility prerequisites apply","high"
"20","pending_generation","B2.C03.L03.A02.S03","B2 > Efforts > Using うちに (before) > A02 > S03","B2","C03","L03","A02","S03","video","B2.C03.L03.A02.S03","B2-C03-L03-A02-S03.mp4","apps/web/public/media/busuu/b2/c03/l03/B2-C03-L03-A02-S03.mp4","apps/web/content/busuu/b2-c03-l03.v1.json","visualSrc","Create an original silent video in a 16:9 frame for a Japanese learning scene. Teaching context: Extend time windows to negative verbs and adjectives, then apply availability/state windows in a service context. Scene/action context: Service dialogue composite video; Japanese transcript and captions before answer. Setting: dessert shop. People/roles: Customer; Shop assistant. Use only the documented action/context; do not add curriculum events. Duration: 23 seconds (estimate; adjust for the documented action). Camera: Not specified in retained screen material. No exact opening pose/frame specified; establish from the documented scene context. No exact closing pose/frame specified; finish the documented action without adding events. All Japanese words, kanji, subtitles, translations, answer choices, captions and teaching labels are rendered by the app UI: generate no written text, no subtitles, no UI, no logos and no answer overlays. Generate no speech or audio track; the app supplies synthesized dialogue separately. Visual design and clothing are not fixed by the project; establish a consistent design within continuity group B2.C03.L03.A02.S03, but do not treat different documented speakers as the same person. Do not copy source screenshots or branding.","B2 MEDIA QUEUE #0020 | Screen: B2.C03.L03.A02.S03 | Type: video | Save as: B2-C03-L03-A02-S03.mp4 | Destination: apps/web/public/media/busuu/b2/c03/l03/B2-C03-L03-A02-S03.mp4 | Source: apps/web/content/busuu/b2-c03-l03.v1.json | Target: screenId=B2.C03.L03.A02.S03, proposed visualSrc | Status: pending_generation | Renderer/schema and version compatibility prerequisites apply","high"
"21","pending_generation","B2.C03.L04.A01.S01","B2 > Efforts > Making an attempt > A01 > S01","B2","C03","L04","A01","S01","video","B2.C03.L04.A01","B2-C03-L04-A01-S01.mp4","apps/web/public/media/busuu/b2/c03/l04/B2-C03-L04-A01-S01.mp4","apps/web/content/busuu/b2-c03-l04.v1.json","visualSrc","Create an original silent video in a 16:9 frame for a Japanese learning scene. Teaching context: Express trying an action and wanting to try, using effort/exam collocations and contextual intentions. Scene/action context: Effort noun with continuation and nominalisation context. Meaning for visual context only, never visible text: It is important to keep making an effort.. Use only the documented action/context; do not add curriculum events. Duration: 5 seconds (estimate; adjust for the documented action). Camera: Not specified in retained screen material. No exact opening pose/frame specified; establish from the documented scene context. No exact closing pose/frame specified; finish the documented action without adding events. All Japanese words, kanji, subtitles, translations, answer choices, captions and teaching labels are rendered by the app UI: generate no written text, no subtitles, no UI, no logos and no answer overlays. Generate no speech or audio track; the app supplies synthesized dialogue separately. Visual design and clothing are not fixed by the project; establish a consistent design within continuity group B2.C03.L04.A01, but do not treat different documented speakers as the same person. Do not copy source screenshots or branding.","B2 MEDIA QUEUE #0021 | Screen: B2.C03.L04.A01.S01 | Type: video | Save as: B2-C03-L04-A01-S01.mp4 | Destination: apps/web/public/media/busuu/b2/c03/l04/B2-C03-L04-A01-S01.mp4 | Source: apps/web/content/busuu/b2-c03-l04.v1.json | Target: screenId=B2.C03.L04.A01.S01, proposed visualSrc | Status: pending_generation | Renderer/schema and version compatibility prerequisites apply","high"
"22","pending_generation","B2.C03.L04.A01.S03","B2 > Efforts > Making an attempt > A01 > S03","B2","C03","L04","A01","S03","video","B2.C03.L04.A01","B2-C03-L04-A01-S03.mp4","apps/web/public/media/busuu/b2/c03/l04/B2-C03-L04-A01-S03.mp4","apps/web/content/busuu/b2-c03-l04.v1.json","visualSrc","Create an original silent video in a 16:9 frame for a Japanese learning scene. Teaching context: Express trying an action and wanting to try, using effort/exam collocations and contextual intentions. Scene/action context: Exam-taking collocation in supplied volitional intention. Meaning for visual context only, never visible text: I intend to take a Japanese exam next year.. Use only the documented action/context; do not add curriculum events. Duration: 5 seconds (estimate; adjust for the documented action). Camera: Not specified in retained screen material. No exact opening pose/frame specified; establish from the documented scene context. No exact closing pose/frame specified; finish the documented action without adding events. All Japanese words, kanji, subtitles, translations, answer choices, captions and teaching labels are rendered by the app UI: generate no written text, no subtitles, no UI, no logos and no answer overlays. Generate no speech or audio track; the app supplies synthesized dialogue separately. Visual design and clothing are not fixed by the project; establish a consistent design within continuity group B2.C03.L04.A01, but do not treat different documented speakers as the same person. Do not copy source screenshots or branding.","B2 MEDIA QUEUE #0022 | Screen: B2.C03.L04.A01.S03 | Type: video | Save as: B2-C03-L04-A01-S03.mp4 | Destination: apps/web/public/media/busuu/b2/c03/l04/B2-C03-L04-A01-S03.mp4 | Source: apps/web/content/busuu/b2-c03-l04.v1.json | Target: screenId=B2.C03.L04.A01.S03, proposed visualSrc | Status: pending_generation | Renderer/schema and version compatibility prerequisites apply","high"
"23","needs_review","B2.C04.L01.A01.S01","B2 > Sports > Describing your intentions > A01 > S01","B2","C04","L01","A01","S01","ambiguous","B2.C04.L01.A01","B2-C04-L01-A01-S01.webp","apps/web/public/media/busuu/b2/c04/l01/B2-C04-L01-A01-S01.webp","apps/web/content/busuu/b2-c04-l01.v1.json","visualSrc","REVIEW REQUIRED; proposed image. Retained source explicitly specifies illustration while runtime visual=video. Confirm image/video classification before generating. After resolution: Create an original image in a 16:9 frame for a Japanese learning scene. Teaching context: Dictionary, negative and past intention; U/RU verb transformations; Match results; Sports and weekend plans; Kana/kanji verb pairs. Scene/action context: Introduce winning verb and reading. Meaning for visual context only, never visible text: I want to win tomorrow’s match.. Use only the documented action/context; do not add curriculum events. All Japanese words, kanji, subtitles, translations, answer choices, captions and teaching labels are rendered by the app UI: generate no written text, no subtitles, no UI, no logos and no answer overlays. Visual design and clothing are not fixed by the project; establish a consistent design within continuity group B2.C04.L01.A01, but do not treat different documented speakers as the same person. Do not copy source screenshots or branding.","B2 MEDIA QUEUE #0023 | Screen: B2.C04.L01.A01.S01 | Type: ambiguous (proposed image) | Save as: B2-C04-L01-A01-S01.webp | Destination: apps/web/public/media/busuu/b2/c04/l01/B2-C04-L01-A01-S01.webp | Source: apps/web/content/busuu/b2-c04-l01.v1.json | Target: screenId=B2.C04.L01.A01.S01, proposed visualSrc | Status: needs_review | Renderer/schema and version compatibility prerequisites apply","high"
"24","needs_review","B2.C04.L01.A01.S07","B2 > Sports > Describing your intentions > A01 > S07","B2","C04","L01","A01","S07","ambiguous","B2.C04.L01.A01","B2-C04-L01-A01-S07.webp","apps/web/public/media/busuu/b2/c04/l01/B2-C04-L01-A01-S07.webp","apps/web/content/busuu/b2-c04-l01.v1.json","visualSrc","REVIEW REQUIRED; proposed image. Retained source explicitly specifies illustration while runtime visual=video. Confirm image/video classification before generating. After resolution: Create an original image in a 16:9 frame for a Japanese learning scene. Teaching context: Dictionary, negative and past intention; U/RU verb transformations; Match results; Sports and weekend plans; Kana/kanji verb pairs. Scene/action context: Introduce losing verb. Meaning for visual context only, never visible text: I lost yesterday’s match.. Use only the documented action/context; do not add curriculum events. All Japanese words, kanji, subtitles, translations, answer choices, captions and teaching labels are rendered by the app UI: generate no written text, no subtitles, no UI, no logos and no answer overlays. Visual design and clothing are not fixed by the project; establish a consistent design within continuity group B2.C04.L01.A01, but do not treat different documented speakers as the same person. Do not copy source screenshots or branding.","B2 MEDIA QUEUE #0024 | Screen: B2.C04.L01.A01.S07 | Type: ambiguous (proposed image) | Save as: B2-C04-L01-A01-S07.webp | Destination: apps/web/public/media/busuu/b2/c04/l01/B2-C04-L01-A01-S07.webp | Source: apps/web/content/busuu/b2-c04-l01.v1.json | Target: screenId=B2.C04.L01.A01.S07, proposed visualSrc | Status: needs_review | Renderer/schema and version compatibility prerequisites apply","high"
"25","needs_review","B2.C04.L02.A01.S01","B2 > Sports > Commenting on sports matches > A01 > S01","B2","C04","L02","A01","S01","ambiguous","B2.C04.L02.A01","B2-C04-L02-A01-S01.webp","apps/web/public/media/busuu/b2/c04/l02/B2-C04-L02-A01-S01.webp","apps/web/content/busuu/b2-c04-l02.v1.json","visualSrc","REVIEW REQUIRED; proposed image. Retained source explicitly specifies illustration while runtime visual=video. Confirm image/video classification before generating. After resolution: Create an original image in a 16:9 frame for a Japanese learning scene. Teaching context: i/na adjective past forms; Ongoing support; Team support; Strength; Near miss, regret and celebration; Kana/kanji lexical readings. Scene/action context: Introduce team support action. Meaning for visual context only, never visible text: I support this team.. Use only the documented action/context; do not add curriculum events. All Japanese words, kanji, subtitles, translations, answer choices, captions and teaching labels are rendered by the app UI: generate no written text, no subtitles, no UI, no logos and no answer overlays. Visual design and clothing are not fixed by the project; establish a consistent design within continuity group B2.C04.L02.A01, but do not treat different documented speakers as the same person. Do not copy source screenshots or branding.","B2 MEDIA QUEUE #0025 | Screen: B2.C04.L02.A01.S01 | Type: ambiguous (proposed image) | Save as: B2-C04-L02-A01-S01.webp | Destination: apps/web/public/media/busuu/b2/c04/l02/B2-C04-L02-A01-S01.webp | Source: apps/web/content/busuu/b2-c04-l02.v1.json | Target: screenId=B2.C04.L02.A01.S01, proposed visualSrc | Status: needs_review | Renderer/schema and version compatibility prerequisites apply","high"
"26","needs_review","B2.C04.L02.A01.S04","B2 > Sports > Commenting on sports matches > A01 > S04","B2","C04","L02","A01","S04","ambiguous","B2.C04.L02.A01","B2-C04-L02-A01-S04.webp","apps/web/public/media/busuu/b2/c04/l02/B2-C04-L02-A01-S04.webp","apps/web/content/busuu/b2-c04-l02.v1.json","visualSrc","REVIEW REQUIRED; proposed image. Retained source explicitly specifies illustration while runtime visual=video. Confirm image/video classification before generating. After resolution: Create an original image in a 16:9 frame for a Japanese learning scene. Teaching context: i/na adjective past forms; Ongoing support; Team support; Strength; Near miss, regret and celebration; Kana/kanji lexical readings. Scene/action context: Introduce weakness adjective. Meaning for visual context only, never visible text: This team is still weak.. Use only the documented action/context; do not add curriculum events. All Japanese words, kanji, subtitles, translations, answer choices, captions and teaching labels are rendered by the app UI: generate no written text, no subtitles, no UI, no logos and no answer overlays. Visual design and clothing are not fixed by the project; establish a consistent design within continuity group B2.C04.L02.A01, but do not treat different documented speakers as the same person. Do not copy source screenshots or branding.","B2 MEDIA QUEUE #0026 | Screen: B2.C04.L02.A01.S04 | Type: ambiguous (proposed image) | Save as: B2-C04-L02-A01-S04.webp | Destination: apps/web/public/media/busuu/b2/c04/l02/B2-C04-L02-A01-S04.webp | Source: apps/web/content/busuu/b2-c04-l02.v1.json | Target: screenId=B2.C04.L02.A01.S04, proposed visualSrc | Status: needs_review | Renderer/schema and version compatibility prerequisites apply","high"
"27","needs_review","B2.C04.L02.A01.S08","B2 > Sports > Commenting on sports matches > A01 > S08","B2","C04","L02","A01","S08","ambiguous","B2.C04.L02.A01","B2-C04-L02-A01-S08.webp","apps/web/public/media/busuu/b2/c04/l02/B2-C04-L02-A01-S08.webp","apps/web/content/busuu/b2-c04-l02.v1.json","visualSrc","REVIEW REQUIRED; proposed image. Retained source explicitly specifies illustration while runtime visual=video. Confirm image/video classification before generating. After resolution: Create an original image in a 16:9 frame for a Japanese learning scene. Teaching context: i/na adjective past forms; Ongoing support; Team support; Strength; Near miss, regret and celebration; Kana/kanji lexical readings. Scene/action context: Introduce near-miss reaction. Meaning for visual context only, never visible text: So close! It was almost a goal.. Use only the documented action/context; do not add curriculum events. All Japanese words, kanji, subtitles, translations, answer choices, captions and teaching labels are rendered by the app UI: generate no written text, no subtitles, no UI, no logos and no answer overlays. Visual design and clothing are not fixed by the project; establish a consistent design within continuity group B2.C04.L02.A01, but do not treat different documented speakers as the same person. Do not copy source screenshots or branding.","B2 MEDIA QUEUE #0027 | Screen: B2.C04.L02.A01.S08 | Type: ambiguous (proposed image) | Save as: B2-C04-L02-A01-S08.webp | Destination: apps/web/public/media/busuu/b2/c04/l02/B2-C04-L02-A01-S08.webp | Source: apps/web/content/busuu/b2-c04-l02.v1.json | Target: screenId=B2.C04.L02.A01.S08, proposed visualSrc | Status: needs_review | Renderer/schema and version compatibility prerequisites apply","high"
"28","needs_review","B2.C04.L02.A02.S01","B2 > Sports > Commenting on sports matches > A02 > S01","B2","C04","L02","A02","S01","ambiguous","B2.C04.L02.A02","B2-C04-L02-A02-S01.webp","apps/web/public/media/busuu/b2/c04/l02/B2-C04-L02-A02-S01.webp","apps/web/content/busuu/b2-c04-l02.v1.json","visualSrc","REVIEW REQUIRED; proposed image. Retained source explicitly specifies illustration while runtime visual=video. Confirm image/video classification before generating. After resolution: Create an original image in a 16:9 frame for a Japanese learning scene. Teaching context: i/na adjective past forms; Ongoing support; Team support; Strength; Near miss, regret and celebration; Kana/kanji lexical readings. Scene/action context: Introduce regret/disappointment na-adjective. Meaning for visual context only, never visible text: It is disappointing that we lost the match.. Use only the documented action/context; do not add curriculum events. All Japanese words, kanji, subtitles, translations, answer choices, captions and teaching labels are rendered by the app UI: generate no written text, no subtitles, no UI, no logos and no answer overlays. Visual design and clothing are not fixed by the project; establish a consistent design within continuity group B2.C04.L02.A02, but do not treat different documented speakers as the same person. Do not copy source screenshots or branding.","B2 MEDIA QUEUE #0028 | Screen: B2.C04.L02.A02.S01 | Type: ambiguous (proposed image) | Save as: B2-C04-L02-A02-S01.webp | Destination: apps/web/public/media/busuu/b2/c04/l02/B2-C04-L02-A02-S01.webp | Source: apps/web/content/busuu/b2-c04-l02.v1.json | Target: screenId=B2.C04.L02.A02.S01, proposed visualSrc | Status: needs_review | Renderer/schema and version compatibility prerequisites apply","high"
"29","needs_review","B2.C04.L02.A02.S05","B2 > Sports > Commenting on sports matches > A02 > S05","B2","C04","L02","A02","S05","ambiguous","B2.C04.L02.A02","B2-C04-L02-A02-S05.webp","apps/web/public/media/busuu/b2/c04/l02/B2-C04-L02-A02-S05.webp","apps/web/content/busuu/b2-c04-l02.v1.json","visualSrc","REVIEW REQUIRED; proposed image. Retained source explicitly specifies illustration while runtime visual=video. Confirm image/video classification before generating. After resolution: Create an original image in a 16:9 frame for a Japanese learning scene. Teaching context: i/na adjective past forms; Ongoing support; Team support; Strength; Near miss, regret and celebration; Kana/kanji lexical readings. Scene/action context: Introduce casual celebration. Meaning for visual context only, never visible text: Hooray! The team I support won.. Use only the documented action/context; do not add curriculum events. All Japanese words, kanji, subtitles, translations, answer choices, captions and teaching labels are rendered by the app UI: generate no written text, no subtitles, no UI, no logos and no answer overlays. Visual design and clothing are not fixed by the project; establish a consistent design within continuity group B2.C04.L02.A02, but do not treat different documented speakers as the same person. Do not copy source screenshots or branding.","B2 MEDIA QUEUE #0029 | Screen: B2.C04.L02.A02.S05 | Type: ambiguous (proposed image) | Save as: B2-C04-L02-A02-S05.webp | Destination: apps/web/public/media/busuu/b2/c04/l02/B2-C04-L02-A02-S05.webp | Source: apps/web/content/busuu/b2-c04-l02.v1.json | Target: screenId=B2.C04.L02.A02.S05, proposed visualSrc | Status: needs_review | Renderer/schema and version compatibility prerequisites apply","high"
"30","needs_review","B2.C04.L03.A01.S01","B2 > Sports > The imperative form > A01 > S01","B2","C04","L03","A01","S01","ambiguous","B2.C04.L03.A01","B2-C04-L03-A01-S01.webp","apps/web/public/media/busuu/b2/c04/l03/B2-C04-L03-A01-S01.webp","apps/web/content/busuu/b2-c04-l03.v1.json","visualSrc","REVIEW REQUIRED; proposed image. Retained source explicitly specifies illustration while runtime visual=video. Confirm image/video classification before generating. After resolution: Create an original image in a 16:9 frame for a Japanese learning scene. Teaching context: U/RU/irregular imperative forms; Cheering; Urgent action verbs; reading. Scene/action context: Introduce go command. Meaning for visual context only, never visible text: Go!. Use only the documented action/context; do not add curriculum events. All Japanese words, kanji, subtitles, translations, answer choices, captions and teaching labels are rendered by the app UI: generate no written text, no subtitles, no UI, no logos and no answer overlays. Visual design and clothing are not fixed by the project; establish a consistent design within continuity group B2.C04.L03.A01, but do not treat different documented speakers as the same person. Do not copy source screenshots or branding.","B2 MEDIA QUEUE #0030 | Screen: B2.C04.L03.A01.S01 | Type: ambiguous (proposed image) | Save as: B2-C04-L03-A01-S01.webp | Destination: apps/web/public/media/busuu/b2/c04/l03/B2-C04-L03-A01-S01.webp | Source: apps/web/content/busuu/b2-c04-l03.v1.json | Target: screenId=B2.C04.L03.A01.S01, proposed visualSrc | Status: needs_review | Renderer/schema and version compatibility prerequisites apply","high"
"31","pending_generation","B2.C04.L05.A01.S03","B2 > Sports > Listening to people playing a game > A01 > S03","B2","C04","L05","A01","S03","video","B2.C04.L05.A01.S03","B2-C04-L05-A01-S03.mp4","apps/web/public/media/busuu/b2/c04/l05/B2-C04-L05-A01-S03.mp4","apps/web/content/busuu/b2-c04-l05.v1.json","visualSrc","Create an original silent video in a 16:9 frame for a Japanese learning scene. Teaching context: Integrated intention, imperative, continuation, trial and timing; Game playing; Programming interest; Match reactions; Japanese scene transcript; Irregular come readings. Scene/action context: Watch game-to-programming-interest scene. Setting: friends talking about games and programming. People/roles: Aki; Ren. Use only the documented action/context; do not add curriculum events. Duration: 30 seconds (estimate; adjust for the documented action). Camera: Not specified in retained screen material. No exact opening pose/frame specified; establish from the documented scene context. No exact closing pose/frame specified; finish the documented action without adding events. All Japanese words, kanji, subtitles, translations, answer choices, captions and teaching labels are rendered by the app UI: generate no written text, no subtitles, no UI, no logos and no answer overlays. Generate no speech or audio track; the app supplies synthesized dialogue separately. Visual design and clothing are not fixed by the project; establish a consistent design within continuity group B2.C04.L05.A01.S03, but do not treat different documented speakers as the same person. Do not copy source screenshots or branding.","B2 MEDIA QUEUE #0031 | Screen: B2.C04.L05.A01.S03 | Type: video | Save as: B2-C04-L05-A01-S03.mp4 | Destination: apps/web/public/media/busuu/b2/c04/l05/B2-C04-L05-A01-S03.mp4 | Source: apps/web/content/busuu/b2-c04-l05.v1.json | Target: screenId=B2.C04.L05.A01.S03, proposed visualSrc | Status: pending_generation | Renderer/schema and version compatibility prerequisites apply","high"
"32","pending_generation","B2.C04.L05.A02.S01","B2 > Sports > Listening to people playing a game > A02 > S01","B2","C04","L05","A02","S01","video","B2.C04.L05.A02.S01","B2-C04-L05-A02-S01.mp4","apps/web/public/media/busuu/b2/c04/l05/B2-C04-L05-A02-S01.mp4","apps/web/content/busuu/b2-c04-l05.v1.json","visualSrc","Create an original silent video in a 16:9 frame for a Japanese learning scene. Teaching context: Integrated intention, imperative, continuation, trial and timing; Game playing; Programming interest; Match reactions; Japanese scene transcript; Irregular come readings. Scene/action context: Watch multiplayer football scene. Setting: friends playing a multiplayer football video game. People/roles: Kai; Mei. Use only the documented action/context; do not add curriculum events. Duration: 33 seconds (estimate; adjust for the documented action). Camera: Not specified in retained screen material. No exact opening pose/frame specified; establish from the documented scene context. No exact closing pose/frame specified; finish the documented action without adding events. All Japanese words, kanji, subtitles, translations, answer choices, captions and teaching labels are rendered by the app UI: generate no written text, no subtitles, no UI, no logos and no answer overlays. Generate no speech or audio track; the app supplies synthesized dialogue separately. Visual design and clothing are not fixed by the project; establish a consistent design within continuity group B2.C04.L05.A02.S01, but do not treat different documented speakers as the same person. Do not copy source screenshots or branding.","B2 MEDIA QUEUE #0032 | Screen: B2.C04.L05.A02.S01 | Type: video | Save as: B2-C04-L05-A02-S01.mp4 | Destination: apps/web/public/media/busuu/b2/c04/l05/B2-C04-L05-A02-S01.mp4 | Source: apps/web/content/busuu/b2-c04-l05.v1.json | Target: screenId=B2.C04.L05.A02.S01, proposed visualSrc | Status: pending_generation | Renderer/schema and version compatibility prerequisites apply","high"
"33","needs_review","B2.C05.L01.A01.S01","B2 > Japanese inn > Staying in a Japanese inn > A01 > S01","B2","C05","L01","A01","S01","ambiguous","B2.C05.L01.A01","B2-C05-L01-A01-S01.webp","apps/web/public/media/busuu/b2/c05/l01/B2-C05-L01-A01-S01.webp","apps/web/content/busuu/b2-c05-l01.v1.json","visualSrc","REVIEW REQUIRED; proposed image. Retained source explicitly specifies illustration while runtime visual=video. Confirm image/video classification before generating. After resolution: Create an original image in a 16:9 frame for a Japanese learning scene. Teaching context: counter and sound changes; Means particle ; Accommodation and meals; Floors and stairs; Formal men/women vocabulary; :; :; :/; :; :; :. Scene/action context: Introduce inn word with reading. Meaning for visual context only, never visible text: I will stay at a Japanese inn.. Use only the documented action/context; do not add curriculum events. All Japanese words, kanji, subtitles, translations, answer choices, captions and teaching labels are rendered by the app UI: generate no written text, no subtitles, no UI, no logos and no answer overlays. Visual design and clothing are not fixed by the project; establish a consistent design within continuity group B2.C05.L01.A01, but do not treat different documented speakers as the same person. Do not copy source screenshots or branding.","B2 MEDIA QUEUE #0033 | Screen: B2.C05.L01.A01.S01 | Type: ambiguous (proposed image) | Save as: B2-C05-L01-A01-S01.webp | Destination: apps/web/public/media/busuu/b2/c05/l01/B2-C05-L01-A01-S01.webp | Source: apps/web/content/busuu/b2-c05-l01.v1.json | Target: screenId=B2.C05.L01.A01.S01, proposed visualSrc | Status: needs_review | Renderer/schema and version compatibility prerequisites apply","high"
"34","needs_review","B2.C05.L01.A01.S05","B2 > Japanese inn > Staying in a Japanese inn > A01 > S05","B2","C05","L01","A01","S05","ambiguous","B2.C05.L01.A01","B2-C05-L01-A01-S05.webp","apps/web/public/media/busuu/b2/c05/l01/B2-C05-L01-A01-S05.webp","apps/web/content/busuu/b2-c05-l01.v1.json","visualSrc","REVIEW REQUIRED; proposed image. Retained source explicitly specifies illustration while runtime visual=video. Confirm image/video classification before generating. After resolution: Create an original image in a 16:9 frame for a Japanese learning scene. Teaching context: counter and sound changes; Means particle ; Accommodation and meals; Floors and stairs; Formal men/women vocabulary; :; :; :/; :; :; :. Scene/action context: Introduce meal word with reading. Meaning for visual context only, never visible text: I will have a meal.. Use only the documented action/context; do not add curriculum events. All Japanese words, kanji, subtitles, translations, answer choices, captions and teaching labels are rendered by the app UI: generate no written text, no subtitles, no UI, no logos and no answer overlays. Visual design and clothing are not fixed by the project; establish a consistent design within continuity group B2.C05.L01.A01, but do not treat different documented speakers as the same person. Do not copy source screenshots or branding.","B2 MEDIA QUEUE #0034 | Screen: B2.C05.L01.A01.S05 | Type: ambiguous (proposed image) | Save as: B2-C05-L01-A01-S05.webp | Destination: apps/web/public/media/busuu/b2/c05/l01/B2-C05-L01-A01-S05.webp | Source: apps/web/content/busuu/b2-c05-l01.v1.json | Target: screenId=B2.C05.L01.A01.S05, proposed visualSrc | Status: needs_review | Renderer/schema and version compatibility prerequisites apply","high"
"35","needs_review","B2.C05.L01.A01.S08","B2 > Japanese inn > Staying in a Japanese inn > A01 > S08","B2","C05","L01","A01","S08","ambiguous","B2.C05.L01.A01","B2-C05-L01-A01-S08.webp","apps/web/public/media/busuu/b2/c05/l01/B2-C05-L01-A01-S08.webp","apps/web/content/busuu/b2-c05-l01.v1.json","visualSrc","REVIEW REQUIRED; proposed image. Retained source explicitly specifies illustration while runtime visual=video. Confirm image/video classification before generating. After resolution: Create an original image in a 16:9 frame for a Japanese learning scene. Teaching context: counter and sound changes; Means particle ; Accommodation and meals; Floors and stairs; Formal men/women vocabulary; :; :; :/; :; :; :. Scene/action context: Introduce floor counter. Meaning for visual context only, never visible text: The room is on the second floor.. Use only the documented action/context; do not add curriculum events. All Japanese words, kanji, subtitles, translations, answer choices, captions and teaching labels are rendered by the app UI: generate no written text, no subtitles, no UI, no logos and no answer overlays. Visual design and clothing are not fixed by the project; establish a consistent design within continuity group B2.C05.L01.A01, but do not treat different documented speakers as the same person. Do not copy source screenshots or branding.","B2 MEDIA QUEUE #0035 | Screen: B2.C05.L01.A01.S08 | Type: ambiguous (proposed image) | Save as: B2-C05-L01-A01-S08.webp | Destination: apps/web/public/media/busuu/b2/c05/l01/B2-C05-L01-A01-S08.webp | Source: apps/web/content/busuu/b2-c05-l01.v1.json | Target: screenId=B2.C05.L01.A01.S08, proposed visualSrc | Status: needs_review | Renderer/schema and version compatibility prerequisites apply","high"
"36","needs_review","B2.C05.L01.A02.S01","B2 > Japanese inn > Staying in a Japanese inn > A02 > S01","B2","C05","L01","A02","S01","ambiguous","B2.C05.L01.A02","B2-C05-L01-A02-S01.webp","apps/web/public/media/busuu/b2/c05/l01/B2-C05-L01-A02-S01.webp","apps/web/content/busuu/b2-c05-l01.v1.json","visualSrc","REVIEW REQUIRED; proposed image. Retained source explicitly specifies illustration while runtime visual=video. Confirm image/video classification before generating. After resolution: Create an original image in a 16:9 frame for a Japanese learning scene. Teaching context: counter and sound changes; Means particle ; Accommodation and meals; Floors and stairs; Formal men/women vocabulary; :; :; :/; :; :; :. Scene/action context: Introduce stairs with kana/kanji. Meaning for visual context only, never visible text: I will use the stairs.. Use only the documented action/context; do not add curriculum events. All Japanese words, kanji, subtitles, translations, answer choices, captions and teaching labels are rendered by the app UI: generate no written text, no subtitles, no UI, no logos and no answer overlays. Visual design and clothing are not fixed by the project; establish a consistent design within continuity group B2.C05.L01.A02, but do not treat different documented speakers as the same person. Do not copy source screenshots or branding.","B2 MEDIA QUEUE #0036 | Screen: B2.C05.L01.A02.S01 | Type: ambiguous (proposed image) | Save as: B2-C05-L01-A02-S01.webp | Destination: apps/web/public/media/busuu/b2/c05/l01/B2-C05-L01-A02-S01.webp | Source: apps/web/content/busuu/b2-c05-l01.v1.json | Target: screenId=B2.C05.L01.A02.S01, proposed visualSrc | Status: needs_review | Renderer/schema and version compatibility prerequisites apply","high"
"37","needs_review","B2.C05.L01.A02.S03","B2 > Japanese inn > Staying in a Japanese inn > A02 > S03","B2","C05","L01","A02","S03","ambiguous","B2.C05.L01.A02","B2-C05-L01-A02-S03.webp","apps/web/public/media/busuu/b2/c05/l01/B2-C05-L01-A02-S03.webp","apps/web/content/busuu/b2-c05-l01.v1.json","visualSrc","REVIEW REQUIRED; proposed image. Retained source explicitly specifies illustration while runtime visual=video. Confirm image/video classification before generating. After resolution: Create an original image in a 16:9 frame for a Japanese learning scene. Teaching context: counter and sound changes; Means particle ; Accommodation and meals; Floors and stairs; Formal men/women vocabulary; :; :; :/; :; :; :. Scene/action context: Introduce formal women word. Meaning for visual context only, never visible text: This is the bath for women.. Use only the documented action/context; do not add curriculum events. All Japanese words, kanji, subtitles, translations, answer choices, captions and teaching labels are rendered by the app UI: generate no written text, no subtitles, no UI, no logos and no answer overlays. Visual design and clothing are not fixed by the project; establish a consistent design within continuity group B2.C05.L01.A02, but do not treat different documented speakers as the same person. Do not copy source screenshots or branding.","B2 MEDIA QUEUE #0037 | Screen: B2.C05.L01.A02.S03 | Type: ambiguous (proposed image) | Save as: B2-C05-L01-A02-S03.webp | Destination: apps/web/public/media/busuu/b2/c05/l01/B2-C05-L01-A02-S03.webp | Source: apps/web/content/busuu/b2-c05-l01.v1.json | Target: screenId=B2.C05.L01.A02.S03, proposed visualSrc | Status: needs_review | Renderer/schema and version compatibility prerequisites apply","high"
"38","needs_review","B2.C05.L01.A02.S05","B2 > Japanese inn > Staying in a Japanese inn > A02 > S05","B2","C05","L01","A02","S05","ambiguous","B2.C05.L01.A02","B2-C05-L01-A02-S05.webp","apps/web/public/media/busuu/b2/c05/l01/B2-C05-L01-A02-S05.webp","apps/web/content/busuu/b2-c05-l01.v1.json","visualSrc","REVIEW REQUIRED; proposed image. Retained source explicitly specifies illustration while runtime visual=video. Confirm image/video classification before generating. After resolution: Create an original image in a 16:9 frame for a Japanese learning scene. Teaching context: counter and sound changes; Means particle ; Accommodation and meals; Floors and stairs; Formal men/women vocabulary; :; :; :/; :; :; :. Scene/action context: Introduce formal men word. Meaning for visual context only, never visible text: This is the bath for men.. Use only the documented action/context; do not add curriculum events. All Japanese words, kanji, subtitles, translations, answer choices, captions and teaching labels are rendered by the app UI: generate no written text, no subtitles, no UI, no logos and no answer overlays. Visual design and clothing are not fixed by the project; establish a consistent design within continuity group B2.C05.L01.A02, but do not treat different documented speakers as the same person. Do not copy source screenshots or branding.","B2 MEDIA QUEUE #0038 | Screen: B2.C05.L01.A02.S05 | Type: ambiguous (proposed image) | Save as: B2-C05-L01-A02-S05.webp | Destination: apps/web/public/media/busuu/b2/c05/l01/B2-C05-L01-A02-S05.webp | Source: apps/web/content/busuu/b2-c05-l01.v1.json | Target: screenId=B2.C05.L01.A02.S05, proposed visualSrc | Status: needs_review | Renderer/schema and version compatibility prerequisites apply","high"
"39","needs_review","B2.C05.L03.A01.S07","B2 > Japanese inn > Honorific nouns and adjectives > A01 > S07","B2","C05","L03","A01","S07","ambiguous","B2.C05.L03.A01","B2-C05-L03-A01-S07.webp","apps/web/public/media/busuu/b2/c05/l03/B2-C05-L03-A01-S07.webp","apps/web/content/busuu/b2-c05-l03.v1.json","visualSrc","REVIEW REQUIRED; proposed image. Retained source explicitly specifies illustration while runtime visual=none. Confirm image/video classification before generating. After resolution: Create an original image in a 16:9 frame for a Japanese learning scene. Teaching context: Selected / prefixes; suffix; Omitted question endings; Names, address and family; Meals and beverages; Kindness, health and quiet requests; Parallel kana/kanji in some lexical models; Typed kana/kanji/romaji variants. Scene/action context: Introduce name/address service request. Meaning for visual context only, never visible text: May I have your name and address, please?. Use only the documented action/context; do not add curriculum events. All Japanese words, kanji, subtitles, translations, answer choices, captions and teaching labels are rendered by the app UI: generate no written text, no subtitles, no UI, no logos and no answer overlays. Visual design and clothing are not fixed by the project; establish a consistent design within continuity group B2.C05.L03.A01, but do not treat different documented speakers as the same person. Do not copy source screenshots or branding.","B2 MEDIA QUEUE #0039 | Screen: B2.C05.L03.A01.S07 | Type: ambiguous (proposed image) | Save as: B2-C05-L03-A01-S07.webp | Destination: apps/web/public/media/busuu/b2/c05/l03/B2-C05-L03-A01-S07.webp | Source: apps/web/content/busuu/b2-c05-l03.v1.json | Target: screenId=B2.C05.L03.A01.S07, proposed visualSrc | Status: needs_review | Renderer/schema and version compatibility prerequisites apply","medium"
"40","needs_review","B2.C05.L04.A01.S01","B2 > Japanese inn > Honorific language: (で)ございます > A01 > S01","B2","C05","L04","A01","S01","ambiguous","B2.C05.L04.A01","B2-C05-L04-A01-S01.webp","apps/web/public/media/busuu/b2/c05/l04/B2-C05-L04-A01-S01.webp","apps/web/content/busuu/b2-c05-l04.v1.json","visualSrc","REVIEW REQUIRED; proposed image. Retained source explicitly specifies illustration while runtime visual=video. Confirm image/video classification before generating. After resolution: Create an original image in a 16:9 frame for a Japanese learning scene. Teaching context: / contrast; Reservations, guest address, hotel information; :; :; Japanese scene transcript. Scene/action context: Introduce guest/customer word. Meaning for visual context only, never visible text: guest; customer. Use only the documented action/context; do not add curriculum events. All Japanese words, kanji, subtitles, translations, answer choices, captions and teaching labels are rendered by the app UI: generate no written text, no subtitles, no UI, no logos and no answer overlays. Visual design and clothing are not fixed by the project; establish a consistent design within continuity group B2.C05.L04.A01, but do not treat different documented speakers as the same person. Do not copy source screenshots or branding.","B2 MEDIA QUEUE #0040 | Screen: B2.C05.L04.A01.S01 | Type: ambiguous (proposed image) | Save as: B2-C05-L04-A01-S01.webp | Destination: apps/web/public/media/busuu/b2/c05/l04/B2-C05-L04-A01-S01.webp | Source: apps/web/content/busuu/b2-c05-l04.v1.json | Target: screenId=B2.C05.L04.A01.S01, proposed visualSrc | Status: needs_review | Renderer/schema and version compatibility prerequisites apply","high"
"41","pending_generation","B2.C05.L04.A02.S01","B2 > Japanese inn > Honorific language: (で)ございます > A02 > S01","B2","C05","L04","A02","S01","video","B2.C05.L04.A02.S01","B2-C05-L04-A02-S01.mp4","apps/web/public/media/busuu/b2/c05/l04/B2-C05-L04-A02-S01.mp4","apps/web/content/busuu/b2-c05-l04.v1.json","visualSrc","Create an original silent video in a 16:9 frame for a Japanese learning scene. Teaching context: / contrast; Reservations, guest address, hotel information; :; :; Japanese scene transcript. Scene/action context: Watch hotel receptionist/guest interaction. Setting: Hotel arrival and breakfast information. Use only the documented action/context; do not add curriculum events. Duration: 36 seconds (estimate; adjust for the documented action). Camera: Not specified in retained screen material. No exact opening pose/frame specified; establish from the documented scene context. No exact closing pose/frame specified; finish the documented action without adding events. All Japanese words, kanji, subtitles, translations, answer choices, captions and teaching labels are rendered by the app UI: generate no written text, no subtitles, no UI, no logos and no answer overlays. Generate no speech or audio track; the app supplies synthesized dialogue separately. Visual design and clothing are not fixed by the project; establish a consistent design within continuity group B2.C05.L04.A02.S01, but do not treat different documented speakers as the same person. Do not copy source screenshots or branding.","B2 MEDIA QUEUE #0041 | Screen: B2.C05.L04.A02.S01 | Type: video | Save as: B2-C05-L04-A02-S01.mp4 | Destination: apps/web/public/media/busuu/b2/c05/l04/B2-C05-L04-A02-S01.mp4 | Source: apps/web/content/busuu/b2-c05-l04.v1.json | Target: screenId=B2.C05.L04.A02.S01, proposed visualSrc | Status: pending_generation | Renderer/schema and version compatibility prerequisites apply","high"
"42","needs_review","B2.C05.L05.A01.S01","B2 > Japanese inn > Respectful forms of verbs > A01 > S01","B2","C05","L05","A01","S01","ambiguous","B2.C05.L05.A01","B2-C05-L05-A01-S01.webp","apps/web/public/media/busuu/b2/c05/l05/B2-C05-L05-A01-S01.webp","apps/web/content/busuu/b2-c05-l05.v1.json","visualSrc","REVIEW REQUIRED; proposed image. Retained source explicitly specifies illustration while runtime visual=video. Confirm image/video classification before generating. After resolution: Create an original image in a 16:9 frame for a Japanese learning scene. Teaching context: Respectful lexical substitutions; Different formations; Eating, drinking, seeing, sleeping and resting; Food offers and facility instructions; :; :; :. Scene/action context: Introduce respectful eat/drink verb. Meaning for visual context only, never visible text: to eat/drink (respectful). Use only the documented action/context; do not add curriculum events. All Japanese words, kanji, subtitles, translations, answer choices, captions and teaching labels are rendered by the app UI: generate no written text, no subtitles, no UI, no logos and no answer overlays. Visual design and clothing are not fixed by the project; establish a consistent design within continuity group B2.C05.L05.A01, but do not treat different documented speakers as the same person. Do not copy source screenshots or branding.","B2 MEDIA QUEUE #0042 | Screen: B2.C05.L05.A01.S01 | Type: ambiguous (proposed image) | Save as: B2-C05-L05-A01-S01.webp | Destination: apps/web/public/media/busuu/b2/c05/l05/B2-C05-L05-A01-S01.webp | Source: apps/web/content/busuu/b2-c05-l05.v1.json | Target: screenId=B2.C05.L05.A01.S01, proposed visualSrc | Status: needs_review | Renderer/schema and version compatibility prerequisites apply","high"
"43","needs_review","B2.C05.L05.A01.S06","B2 > Japanese inn > Respectful forms of verbs > A01 > S06","B2","C05","L05","A01","S06","ambiguous","B2.C05.L05.A01","B2-C05-L05-A01-S06.webp","apps/web/public/media/busuu/b2/c05/l05/B2-C05-L05-A01-S06.webp","apps/web/content/busuu/b2-c05-l05.v1.json","visualSrc","REVIEW REQUIRED; proposed image. Retained source explicitly specifies illustration while runtime visual=video. Confirm image/video classification before generating. After resolution: Create an original image in a 16:9 frame for a Japanese learning scene. Teaching context: Respectful lexical substitutions; Different formations; Eating, drinking, seeing, sleeping and resting; Food offers and facility instructions; :; :; :. Scene/action context: Introduce respectful seeing verb. Meaning for visual context only, never visible text: to see/look (respectful). Use only the documented action/context; do not add curriculum events. All Japanese words, kanji, subtitles, translations, answer choices, captions and teaching labels are rendered by the app UI: generate no written text, no subtitles, no UI, no logos and no answer overlays. Visual design and clothing are not fixed by the project; establish a consistent design within continuity group B2.C05.L05.A01, but do not treat different documented speakers as the same person. Do not copy source screenshots or branding.","B2 MEDIA QUEUE #0043 | Screen: B2.C05.L05.A01.S06 | Type: ambiguous (proposed image) | Save as: B2-C05-L05-A01-S06.webp | Destination: apps/web/public/media/busuu/b2/c05/l05/B2-C05-L05-A01-S06.webp | Source: apps/web/content/busuu/b2-c05-l05.v1.json | Target: screenId=B2.C05.L05.A01.S06, proposed visualSrc | Status: needs_review | Renderer/schema and version compatibility prerequisites apply","high"
"44","needs_review","B2.C05.L05.A01.S08","B2 > Japanese inn > Respectful forms of verbs > A01 > S08","B2","C05","L05","A01","S08","ambiguous","B2.C05.L05.A01","B2-C05-L05-A01-S08.webp","apps/web/public/media/busuu/b2/c05/l05/B2-C05-L05-A01-S08.webp","apps/web/content/busuu/b2-c05-l05.v1.json","visualSrc","REVIEW REQUIRED; proposed image. Retained source explicitly specifies illustration while runtime visual=video. Confirm image/video classification before generating. After resolution: Create an original image in a 16:9 frame for a Japanese learning scene. Teaching context: Respectful lexical substitutions; Different formations; Eating, drinking, seeing, sleeping and resting; Food offers and facility instructions; :; :; :. Scene/action context: Introduce respectful sleep verb. Meaning for visual context only, never visible text: to sleep/rest (respectful). Use only the documented action/context; do not add curriculum events. All Japanese words, kanji, subtitles, translations, answer choices, captions and teaching labels are rendered by the app UI: generate no written text, no subtitles, no UI, no logos and no answer overlays. Visual design and clothing are not fixed by the project; establish a consistent design within continuity group B2.C05.L05.A01, but do not treat different documented speakers as the same person. Do not copy source screenshots or branding.","B2 MEDIA QUEUE #0044 | Screen: B2.C05.L05.A01.S08 | Type: ambiguous (proposed image) | Save as: B2-C05-L05-A01-S08.webp | Destination: apps/web/public/media/busuu/b2/c05/l05/B2-C05-L05-A01-S08.webp | Source: apps/web/content/busuu/b2-c05-l05.v1.json | Target: screenId=B2.C05.L05.A01.S08, proposed visualSrc | Status: needs_review | Renderer/schema and version compatibility prerequisites apply","high"
"45","pending_generation","B2.C06.L01.A01.S01","B2 > Flavour > Describing tastes > A01 > S01","B2","C06","L01","A01","S01","video","B2.C06.L01.A01","B2-C06-L01-A01-S01.mp4","apps/web/public/media/busuu/b2/c06/l01/B2-C06-L01-A01-S01.mp4","apps/web/content/busuu/b2-c06-l01.v1.json","visualSrc","Create an original silent video in a 16:9 frame for a Japanese learning scene. Teaching context: Taste adjectives. Scene/action context: Learn a taste adjective.. Meaning for visual context only, never visible text: This cake is sweet.. Use only the documented action/context; do not add curriculum events. Duration: 5 seconds (estimate; adjust for the documented action). Camera: Not specified in retained screen material. No exact opening pose/frame specified; establish from the documented scene context. No exact closing pose/frame specified; finish the documented action without adding events. All Japanese words, kanji, subtitles, translations, answer choices, captions and teaching labels are rendered by the app UI: generate no written text, no subtitles, no UI, no logos and no answer overlays. Generate no speech or audio track; the app supplies synthesized dialogue separately. Visual design and clothing are not fixed by the project; establish a consistent design within continuity group B2.C06.L01.A01, but do not treat different documented speakers as the same person. Do not copy source screenshots or branding.","B2 MEDIA QUEUE #0045 | Screen: B2.C06.L01.A01.S01 | Type: video | Save as: B2-C06-L01-A01-S01.mp4 | Destination: apps/web/public/media/busuu/b2/c06/l01/B2-C06-L01-A01-S01.mp4 | Source: apps/web/content/busuu/b2-c06-l01.v1.json | Target: screenId=B2.C06.L01.A01.S01, proposed visualSrc | Status: pending_generation | Renderer/schema and version compatibility prerequisites apply","high"
"46","pending_generation","B2.C06.L01.A01.S02","B2 > Flavour > Describing tastes > A01 > S02","B2","C06","L01","A01","S02","video","B2.C06.L01.A01","B2-C06-L01-A01-S02.mp4","apps/web/public/media/busuu/b2/c06/l01/B2-C06-L01-A01-S02.mp4","apps/web/content/busuu/b2-c06-l01.v1.json","visualSrc","Create an original silent video in a 16:9 frame for a Japanese learning scene. Teaching context: Taste adjectives. Scene/action context: Learn a taste adjective.. Meaning for visual context only, never visible text: This soup is salty.. Use only the documented action/context; do not add curriculum events. Duration: 5 seconds (estimate; adjust for the documented action). Camera: Not specified in retained screen material. No exact opening pose/frame specified; establish from the documented scene context. No exact closing pose/frame specified; finish the documented action without adding events. All Japanese words, kanji, subtitles, translations, answer choices, captions and teaching labels are rendered by the app UI: generate no written text, no subtitles, no UI, no logos and no answer overlays. Generate no speech or audio track; the app supplies synthesized dialogue separately. Visual design and clothing are not fixed by the project; establish a consistent design within continuity group B2.C06.L01.A01, but do not treat different documented speakers as the same person. Do not copy source screenshots or branding.","B2 MEDIA QUEUE #0046 | Screen: B2.C06.L01.A01.S02 | Type: video | Save as: B2-C06-L01-A01-S02.mp4 | Destination: apps/web/public/media/busuu/b2/c06/l01/B2-C06-L01-A01-S02.mp4 | Source: apps/web/content/busuu/b2-c06-l01.v1.json | Target: screenId=B2.C06.L01.A01.S02, proposed visualSrc | Status: pending_generation | Renderer/schema and version compatibility prerequisites apply","high"
"47","pending_generation","B2.C06.L01.A01.S03","B2 > Flavour > Describing tastes > A01 > S03","B2","C06","L01","A01","S03","video","B2.C06.L01.A01","B2-C06-L01-A01-S03.mp4","apps/web/public/media/busuu/b2/c06/l01/B2-C06-L01-A01-S03.mp4","apps/web/content/busuu/b2-c06-l01.v1.json","visualSrc","Create an original silent video in a 16:9 frame for a Japanese learning scene. Teaching context: Taste adjectives. Scene/action context: Learn a taste adjective.. Meaning for visual context only, never visible text: This curry is spicy.. Use only the documented action/context; do not add curriculum events. Duration: 5 seconds (estimate; adjust for the documented action). Camera: Not specified in retained screen material. No exact opening pose/frame specified; establish from the documented scene context. No exact closing pose/frame specified; finish the documented action without adding events. All Japanese words, kanji, subtitles, translations, answer choices, captions and teaching labels are rendered by the app UI: generate no written text, no subtitles, no UI, no logos and no answer overlays. Generate no speech or audio track; the app supplies synthesized dialogue separately. Visual design and clothing are not fixed by the project; establish a consistent design within continuity group B2.C06.L01.A01, but do not treat different documented speakers as the same person. Do not copy source screenshots or branding.","B2 MEDIA QUEUE #0047 | Screen: B2.C06.L01.A01.S03 | Type: video | Save as: B2-C06-L01-A01-S03.mp4 | Destination: apps/web/public/media/busuu/b2/c06/l01/B2-C06-L01-A01-S03.mp4 | Source: apps/web/content/busuu/b2-c06-l01.v1.json | Target: screenId=B2.C06.L01.A01.S03, proposed visualSrc | Status: pending_generation | Renderer/schema and version compatibility prerequisites apply","high"
"48","pending_generation","B2.C06.L01.A01.S04","B2 > Flavour > Describing tastes > A01 > S04","B2","C06","L01","A01","S04","video","B2.C06.L01.A01","B2-C06-L01-A01-S04.mp4","apps/web/public/media/busuu/b2/c06/l01/B2-C06-L01-A01-S04.mp4","apps/web/content/busuu/b2-c06-l01.v1.json","visualSrc","Create an original silent video in a 16:9 frame for a Japanese learning scene. Teaching context: Taste adjectives. Scene/action context: Learn a taste adjective.. Meaning for visual context only, never visible text: This lemon is sour.. Use only the documented action/context; do not add curriculum events. Duration: 5 seconds (estimate; adjust for the documented action). Camera: Not specified in retained screen material. No exact opening pose/frame specified; establish from the documented scene context. No exact closing pose/frame specified; finish the documented action without adding events. All Japanese words, kanji, subtitles, translations, answer choices, captions and teaching labels are rendered by the app UI: generate no written text, no subtitles, no UI, no logos and no answer overlays. Generate no speech or audio track; the app supplies synthesized dialogue separately. Visual design and clothing are not fixed by the project; establish a consistent design within continuity group B2.C06.L01.A01, but do not treat different documented speakers as the same person. Do not copy source screenshots or branding.","B2 MEDIA QUEUE #0048 | Screen: B2.C06.L01.A01.S04 | Type: video | Save as: B2-C06-L01-A01-S04.mp4 | Destination: apps/web/public/media/busuu/b2/c06/l01/B2-C06-L01-A01-S04.mp4 | Source: apps/web/content/busuu/b2-c06-l01.v1.json | Target: screenId=B2.C06.L01.A01.S04, proposed visualSrc | Status: pending_generation | Renderer/schema and version compatibility prerequisites apply","high"
"49","pending_generation","B2.C06.L01.A01.S05","B2 > Flavour > Describing tastes > A01 > S05","B2","C06","L01","A01","S05","video","B2.C06.L01.A01","B2-C06-L01-A01-S05.mp4","apps/web/public/media/busuu/b2/c06/l01/B2-C06-L01-A01-S05.mp4","apps/web/content/busuu/b2-c06-l01.v1.json","visualSrc","Create an original silent video in a 16:9 frame for a Japanese learning scene. Teaching context: Taste adjectives. Scene/action context: Learn a taste adjective.. Meaning for visual context only, never visible text: This dish is oily.. Use only the documented action/context; do not add curriculum events. Duration: 5 seconds (estimate; adjust for the documented action). Camera: Not specified in retained screen material. No exact opening pose/frame specified; establish from the documented scene context. No exact closing pose/frame specified; finish the documented action without adding events. All Japanese words, kanji, subtitles, translations, answer choices, captions and teaching labels are rendered by the app UI: generate no written text, no subtitles, no UI, no logos and no answer overlays. Generate no speech or audio track; the app supplies synthesized dialogue separately. Visual design and clothing are not fixed by the project; establish a consistent design within continuity group B2.C06.L01.A01, but do not treat different documented speakers as the same person. Do not copy source screenshots or branding.","B2 MEDIA QUEUE #0049 | Screen: B2.C06.L01.A01.S05 | Type: video | Save as: B2-C06-L01-A01-S05.mp4 | Destination: apps/web/public/media/busuu/b2/c06/l01/B2-C06-L01-A01-S05.mp4 | Source: apps/web/content/busuu/b2-c06-l01.v1.json | Target: screenId=B2.C06.L01.A01.S05, proposed visualSrc | Status: pending_generation | Renderer/schema and version compatibility prerequisites apply","high"
"50","pending_generation","B2.C06.L01.A01.S06","B2 > Flavour > Describing tastes > A01 > S06","B2","C06","L01","A01","S06","video","B2.C06.L01.A01","B2-C06-L01-A01-S06.mp4","apps/web/public/media/busuu/b2/c06/l01/B2-C06-L01-A01-S06.mp4","apps/web/content/busuu/b2-c06-l01.v1.json","visualSrc","Create an original silent video in a 16:9 frame for a Japanese learning scene. Teaching context: Taste adjectives. Scene/action context: Learn a taste adjective.. Meaning for visual context only, never visible text: This coffee is bitter.. Use only the documented action/context; do not add curriculum events. Duration: 5 seconds (estimate; adjust for the documented action). Camera: Not specified in retained screen material. No exact opening pose/frame specified; establish from the documented scene context. No exact closing pose/frame specified; finish the documented action without adding events. All Japanese words, kanji, subtitles, translations, answer choices, captions and teaching labels are rendered by the app UI: generate no written text, no subtitles, no UI, no logos and no answer overlays. Generate no speech or audio track; the app supplies synthesized dialogue separately. Visual design and clothing are not fixed by the project; establish a consistent design within continuity group B2.C06.L01.A01, but do not treat different documented speakers as the same person. Do not copy source screenshots or branding.","B2 MEDIA QUEUE #0050 | Screen: B2.C06.L01.A01.S06 | Type: video | Save as: B2-C06-L01-A01-S06.mp4 | Destination: apps/web/public/media/busuu/b2/c06/l01/B2-C06-L01-A01-S06.mp4 | Source: apps/web/content/busuu/b2-c06-l01.v1.json | Target: screenId=B2.C06.L01.A01.S06, proposed visualSrc | Status: pending_generation | Renderer/schema and version compatibility prerequisites apply","high"
"51","needs_review","B2.C06.L02.A01.S01","B2 > Flavour > Developing fluency > A01 > S01","B2","C06","L02","A01","S01","ambiguous","B2.C06.L02.A01","B2-C06-L02-A01-S01.mp4","apps/web/public/media/busuu/b2/c06/l02/B2-C06-L02-A01-S01.mp4","apps/web/content/busuu/b2-c06-l02.v1.json","visualSrc","REVIEW REQUIRED; proposed video. Source describes video while runtime visual=none. Resolve the requirement before generating. After resolution: Create an original silent video in a 16:9 frame for a Japanese learning scene. Teaching context: Describe preferred food and its taste.. Scene/action context: Recognise taste from food context. Meaning for visual context only, never visible text: sour. Use only the documented action/context; do not add curriculum events. Duration: 7 seconds (estimate; adjust for the documented action). Camera: Not specified in retained screen material. No exact opening pose/frame specified; establish from the documented scene context. No exact closing pose/frame specified; finish the documented action without adding events. All Japanese words, kanji, subtitles, translations, answer choices, captions and teaching labels are rendered by the app UI: generate no written text, no subtitles, no UI, no logos and no answer overlays. Generate no speech or audio track; the app supplies synthesized dialogue separately. Visual design and clothing are not fixed by the project; establish a consistent design within continuity group B2.C06.L02.A01, but do not treat different documented speakers as the same person. Do not copy source screenshots or branding.","B2 MEDIA QUEUE #0051 | Screen: B2.C06.L02.A01.S01 | Type: ambiguous (proposed video) | Save as: B2-C06-L02-A01-S01.mp4 | Destination: apps/web/public/media/busuu/b2/c06/l02/B2-C06-L02-A01-S01.mp4 | Source: apps/web/content/busuu/b2-c06-l02.v1.json | Target: screenId=B2.C06.L02.A01.S01, proposed visualSrc | Status: needs_review | Renderer/schema and version compatibility prerequisites apply","medium"
"52","needs_review","B2.C06.L02.A01.S02","B2 > Flavour > Developing fluency > A01 > S02","B2","C06","L02","A01","S02","ambiguous","B2.C06.L02.A01","B2-C06-L02-A01-S02.mp4","apps/web/public/media/busuu/b2/c06/l02/B2-C06-L02-A01-S02.mp4","apps/web/content/busuu/b2-c06-l02.v1.json","visualSrc","REVIEW REQUIRED; proposed video. Source describes video while runtime visual=none. Resolve the requirement before generating. After resolution: Create an original silent video in a 16:9 frame for a Japanese learning scene. Teaching context: Describe preferred food and its taste.. Scene/action context: Build a compound taste word. Meaning for visual context only, never visible text: This dish is oily.. Use only the documented action/context; do not add curriculum events. Duration: 5 seconds (estimate; adjust for the documented action). Camera: Not specified in retained screen material. No exact opening pose/frame specified; establish from the documented scene context. No exact closing pose/frame specified; finish the documented action without adding events. All Japanese words, kanji, subtitles, translations, answer choices, captions and teaching labels are rendered by the app UI: generate no written text, no subtitles, no UI, no logos and no answer overlays. Generate no speech or audio track; the app supplies synthesized dialogue separately. Visual design and clothing are not fixed by the project; establish a consistent design within continuity group B2.C06.L02.A01, but do not treat different documented speakers as the same person. Do not copy source screenshots or branding.","B2 MEDIA QUEUE #0052 | Screen: B2.C06.L02.A01.S02 | Type: ambiguous (proposed video) | Save as: B2-C06-L02-A01-S02.mp4 | Destination: apps/web/public/media/busuu/b2/c06/l02/B2-C06-L02-A01-S02.mp4 | Source: apps/web/content/busuu/b2-c06-l02.v1.json | Target: screenId=B2.C06.L02.A01.S02, proposed visualSrc | Status: needs_review | Renderer/schema and version compatibility prerequisites apply","medium"
"53","needs_review","B2.C06.L02.A01.S03","B2 > Flavour > Developing fluency > A01 > S03","B2","C06","L02","A01","S03","ambiguous","B2.C06.L02.A01","B2-C06-L02-A01-S03.mp4","apps/web/public/media/busuu/b2/c06/l02/B2-C06-L02-A01-S03.mp4","apps/web/content/busuu/b2-c06-l02.v1.json","visualSrc","REVIEW REQUIRED; proposed video. Source describes video while runtime visual=none. Resolve the requirement before generating. After resolution: Create an original silent video in a 16:9 frame for a Japanese learning scene. Teaching context: Describe preferred food and its taste.. Scene/action context: Retrieve taste adjective across contrast. Meaning for visual context only, never visible text: This cake is not bitter. It is very sweet.. Use only the documented action/context; do not add curriculum events. Duration: 5 seconds (estimate; adjust for the documented action). Camera: Not specified in retained screen material. No exact opening pose/frame specified; establish from the documented scene context. No exact closing pose/frame specified; finish the documented action without adding events. All Japanese words, kanji, subtitles, translations, answer choices, captions and teaching labels are rendered by the app UI: generate no written text, no subtitles, no UI, no logos and no answer overlays. Generate no speech or audio track; the app supplies synthesized dialogue separately. Visual design and clothing are not fixed by the project; establish a consistent design within continuity group B2.C06.L02.A01, but do not treat different documented speakers as the same person. Do not copy source screenshots or branding.","B2 MEDIA QUEUE #0053 | Screen: B2.C06.L02.A01.S03 | Type: ambiguous (proposed video) | Save as: B2-C06-L02-A01-S03.mp4 | Destination: apps/web/public/media/busuu/b2/c06/l02/B2-C06-L02-A01-S03.mp4 | Source: apps/web/content/busuu/b2-c06-l02.v1.json | Target: screenId=B2.C06.L02.A01.S03, proposed visualSrc | Status: needs_review | Renderer/schema and version compatibility prerequisites apply","medium"
"54","needs_review","B2.C06.L02.A01.S04","B2 > Flavour > Developing fluency > A01 > S04","B2","C06","L02","A01","S04","ambiguous","B2.C06.L02.A01","B2-C06-L02-A01-S04.mp4","apps/web/public/media/busuu/b2/c06/l02/B2-C06-L02-A01-S04.mp4","apps/web/content/busuu/b2-c06-l02.v1.json","visualSrc","REVIEW REQUIRED; proposed video. Source describes video while runtime visual=none. Resolve the requirement before generating. After resolution: Create an original silent video in a 16:9 frame for a Japanese learning scene. Teaching context: Describe preferred food and its taste.. Scene/action context: Combine food category with taste. Meaning for visual context only, never visible text: Wasabi is a condiment. This wasabi is very pungent.. Use only the documented action/context; do not add curriculum events. Duration: 6 seconds (estimate; adjust for the documented action). Camera: Not specified in retained screen material. No exact opening pose/frame specified; establish from the documented scene context. No exact closing pose/frame specified; finish the documented action without adding events. All Japanese words, kanji, subtitles, translations, answer choices, captions and teaching labels are rendered by the app UI: generate no written text, no subtitles, no UI, no logos and no answer overlays. Generate no speech or audio track; the app supplies synthesized dialogue separately. Visual design and clothing are not fixed by the project; establish a consistent design within continuity group B2.C06.L02.A01, but do not treat different documented speakers as the same person. Do not copy source screenshots or branding.","B2 MEDIA QUEUE #0054 | Screen: B2.C06.L02.A01.S04 | Type: ambiguous (proposed video) | Save as: B2-C06-L02-A01-S04.mp4 | Destination: apps/web/public/media/busuu/b2/c06/l02/B2-C06-L02-A01-S04.mp4 | Source: apps/web/content/busuu/b2-c06-l02.v1.json | Target: screenId=B2.C06.L02.A01.S04, proposed visualSrc | Status: needs_review | Renderer/schema and version compatibility prerequisites apply","medium"
"55","needs_review","B2.C06.L02.A01.S06","B2 > Flavour > Developing fluency > A01 > S06","B2","C06","L02","A01","S06","ambiguous","B2.C06.L02.A01","B2-C06-L02-A01-S06.mp4","apps/web/public/media/busuu/b2/c06/l02/B2-C06-L02-A01-S06.mp4","apps/web/content/busuu/b2-c06-l02.v1.json","visualSrc","REVIEW REQUIRED; proposed video. Source describes video while runtime visual=none. Resolve the requirement before generating. After resolution: Create an original silent video in a 16:9 frame for a Japanese learning scene. Teaching context: Describe preferred food and its taste.. Scene/action context: Combine causal food description and noun modifier. Meaning for visual context only, never visible text: Because they contain a lot of oil, I do not eat oily dishes very often.. Use only the documented action/context; do not add curriculum events. Duration: 5 seconds (estimate; adjust for the documented action). Camera: Not specified in retained screen material. No exact opening pose/frame specified; establish from the documented scene context. No exact closing pose/frame specified; finish the documented action without adding events. All Japanese words, kanji, subtitles, translations, answer choices, captions and teaching labels are rendered by the app UI: generate no written text, no subtitles, no UI, no logos and no answer overlays. Generate no speech or audio track; the app supplies synthesized dialogue separately. Visual design and clothing are not fixed by the project; establish a consistent design within continuity group B2.C06.L02.A01, but do not treat different documented speakers as the same person. Do not copy source screenshots or branding.","B2 MEDIA QUEUE #0055 | Screen: B2.C06.L02.A01.S06 | Type: ambiguous (proposed video) | Save as: B2-C06-L02-A01-S06.mp4 | Destination: apps/web/public/media/busuu/b2/c06/l02/B2-C06-L02-A01-S06.mp4 | Source: apps/web/content/busuu/b2-c06-l02.v1.json | Target: screenId=B2.C06.L02.A01.S06, proposed visualSrc | Status: needs_review | Renderer/schema and version compatibility prerequisites apply","medium"
"56","needs_review","B2.C06.L02.A01.S07","B2 > Flavour > Developing fluency > A01 > S07","B2","C06","L02","A01","S07","ambiguous","B2.C06.L02.A01","B2-C06-L02-A01-S07.mp4","apps/web/public/media/busuu/b2/c06/l02/B2-C06-L02-A01-S07.mp4","apps/web/content/busuu/b2-c06-l02.v1.json","visualSrc","REVIEW REQUIRED; proposed video. Source describes video while runtime visual=none. Resolve the requirement before generating. After resolution: Create an original silent video in a 16:9 frame for a Japanese learning scene. Teaching context: Describe preferred food and its taste.. Scene/action context: Choose a multi-adjective description. Meaning for visual context only, never visible text: sweet; sour. Use only the documented action/context; do not add curriculum events. Duration: 7 seconds (estimate; adjust for the documented action). Camera: Not specified in retained screen material. No exact opening pose/frame specified; establish from the documented scene context. No exact closing pose/frame specified; finish the documented action without adding events. All Japanese words, kanji, subtitles, translations, answer choices, captions and teaching labels are rendered by the app UI: generate no written text, no subtitles, no UI, no logos and no answer overlays. Generate no speech or audio track; the app supplies synthesized dialogue separately. Visual design and clothing are not fixed by the project; establish a consistent design within continuity group B2.C06.L02.A01, but do not treat different documented speakers as the same person. Do not copy source screenshots or branding.","B2 MEDIA QUEUE #0056 | Screen: B2.C06.L02.A01.S07 | Type: ambiguous (proposed video) | Save as: B2-C06-L02-A01-S07.mp4 | Destination: apps/web/public/media/busuu/b2/c06/l02/B2-C06-L02-A01-S07.mp4 | Source: apps/web/content/busuu/b2-c06-l02.v1.json | Target: screenId=B2.C06.L02.A01.S07, proposed visualSrc | Status: needs_review | Renderer/schema and version compatibility prerequisites apply","medium"
"57","pending_generation","B2.C06.L03.A01.S01","B2 > Flavour > Describing something easy or difficult > A01 > S01","B2","C06","L03","A01","S01","video","B2.C06.L03.A01","B2-C06-L03-A01-S01.mp4","apps/web/public/media/busuu/b2/c06/l03/B2-C06-L03-A01-S01.mp4","apps/web/content/busuu/b2-c06-l03.v1.json","visualSrc","Create an original silent video in a 16:9 frame for a Japanese learning scene. Teaching context: Express ease and difficulty of actions using verb stems.. Scene/action context: Connect ease form with taste context. Meaning for visual context only, never visible text: This tea is not bitter, so it is easy to drink.. Use only the documented action/context; do not add curriculum events. Duration: 5 seconds (estimate; adjust for the documented action). Camera: Not specified in retained screen material. No exact opening pose/frame specified; establish from the documented scene context. No exact closing pose/frame specified; finish the documented action without adding events. All Japanese words, kanji, subtitles, translations, answer choices, captions and teaching labels are rendered by the app UI: generate no written text, no subtitles, no UI, no logos and no answer overlays. Generate no speech or audio track; the app supplies synthesized dialogue separately. Visual design and clothing are not fixed by the project; establish a consistent design within continuity group B2.C06.L03.A01, but do not treat different documented speakers as the same person. Do not copy source screenshots or branding.","B2 MEDIA QUEUE #0057 | Screen: B2.C06.L03.A01.S01 | Type: video | Save as: B2-C06-L03-A01-S01.mp4 | Destination: apps/web/public/media/busuu/b2/c06/l03/B2-C06-L03-A01-S01.mp4 | Source: apps/web/content/busuu/b2-c06-l03.v1.json | Target: screenId=B2.C06.L03.A01.S01, proposed visualSrc | Status: pending_generation | Renderer/schema and version compatibility prerequisites apply","high"
"58","needs_review","B2.C06.L03.A01.S02","B2 > Flavour > Describing something easy or difficult > A01 > S02","B2","C06","L03","A01","S02","ambiguous","B2.C06.L03.A01","B2-C06-L03-A01-S02.mp4","apps/web/public/media/busuu/b2/c06/l03/B2-C06-L03-A01-S02.mp4","apps/web/content/busuu/b2-c06-l03.v1.json","visualSrc","REVIEW REQUIRED; proposed video. Source describes video while runtime visual=none. Resolve the requirement before generating. After resolution: Create an original silent video in a 16:9 frame for a Japanese learning scene. Teaching context: Express ease and difficulty of actions using verb stems.. Scene/action context: Choose ease suffix. Meaning for visual context only, never visible text: This tea is easy to drink.. Use only the documented action/context; do not add curriculum events. Duration: 5 seconds (estimate; adjust for the documented action). Camera: Not specified in retained screen material. No exact opening pose/frame specified; establish from the documented scene context. No exact closing pose/frame specified; finish the documented action without adding events. All Japanese words, kanji, subtitles, translations, answer choices, captions and teaching labels are rendered by the app UI: generate no written text, no subtitles, no UI, no logos and no answer overlays. Generate no speech or audio track; the app supplies synthesized dialogue separately. Visual design and clothing are not fixed by the project; establish a consistent design within continuity group B2.C06.L03.A01, but do not treat different documented speakers as the same person. Do not copy source screenshots or branding.","B2 MEDIA QUEUE #0058 | Screen: B2.C06.L03.A01.S02 | Type: ambiguous (proposed video) | Save as: B2-C06-L03-A01-S02.mp4 | Destination: apps/web/public/media/busuu/b2/c06/l03/B2-C06-L03-A01-S02.mp4 | Source: apps/web/content/busuu/b2-c06-l03.v1.json | Target: screenId=B2.C06.L03.A01.S02, proposed visualSrc | Status: needs_review | Renderer/schema and version compatibility prerequisites apply","medium"
"59","needs_review","B2.C06.L03.A01.S04","B2 > Flavour > Describing something easy or difficult > A01 > S04","B2","C06","L03","A01","S04","ambiguous","B2.C06.L03.A01","B2-C06-L03-A01-S04.mp4","apps/web/public/media/busuu/b2/c06/l03/B2-C06-L03-A01-S04.mp4","apps/web/content/busuu/b2-c06-l03.v1.json","visualSrc","REVIEW REQUIRED; proposed video. Source describes video while runtime visual=none. Resolve the requirement before generating. After resolution: Create an original silent video in a 16:9 frame for a Japanese learning scene. Teaching context: Express ease and difficulty of actions using verb stems.. Scene/action context: Select verb stem and ease suffix. Meaning for visual context only, never visible text: This bread is soft, so it is easy to eat.. Use only the documented action/context; do not add curriculum events. Duration: 5 seconds (estimate; adjust for the documented action). Camera: Not specified in retained screen material. No exact opening pose/frame specified; establish from the documented scene context. No exact closing pose/frame specified; finish the documented action without adding events. All Japanese words, kanji, subtitles, translations, answer choices, captions and teaching labels are rendered by the app UI: generate no written text, no subtitles, no UI, no logos and no answer overlays. Generate no speech or audio track; the app supplies synthesized dialogue separately. Visual design and clothing are not fixed by the project; establish a consistent design within continuity group B2.C06.L03.A01, but do not treat different documented speakers as the same person. Do not copy source screenshots or branding.","B2 MEDIA QUEUE #0059 | Screen: B2.C06.L03.A01.S04 | Type: ambiguous (proposed video) | Save as: B2-C06-L03-A01-S04.mp4 | Destination: apps/web/public/media/busuu/b2/c06/l03/B2-C06-L03-A01-S04.mp4 | Source: apps/web/content/busuu/b2-c06-l03.v1.json | Target: screenId=B2.C06.L03.A01.S04, proposed visualSrc | Status: needs_review | Renderer/schema and version compatibility prerequisites apply","medium"
"60","needs_review","B2.C06.L03.A01.S06","B2 > Flavour > Describing something easy or difficult > A01 > S06","B2","C06","L03","A01","S06","ambiguous","B2.C06.L03.A01","B2-C06-L03-A01-S06.mp4","apps/web/public/media/busuu/b2/c06/l03/B2-C06-L03-A01-S06.mp4","apps/web/content/busuu/b2-c06-l03.v1.json","visualSrc","REVIEW REQUIRED; proposed video. Source describes video while runtime visual=none. Resolve the requirement before generating. After resolution: Create an original silent video in a 16:9 frame for a Japanese learning scene. Teaching context: Express ease and difficulty of actions using verb stems.. Scene/action context: Interpret difficulty with transcript. Meaning for visual context only, never visible text: hard to eat ↔ easy to eat. Use only the documented action/context; do not add curriculum events. Duration: 5 seconds (estimate; adjust for the documented action). Camera: Not specified in retained screen material. No exact opening pose/frame specified; establish from the documented scene context. No exact closing pose/frame specified; finish the documented action without adding events. All Japanese words, kanji, subtitles, translations, answer choices, captions and teaching labels are rendered by the app UI: generate no written text, no subtitles, no UI, no logos and no answer overlays. Generate no speech or audio track; the app supplies synthesized dialogue separately. Visual design and clothing are not fixed by the project; establish a consistent design within continuity group B2.C06.L03.A01, but do not treat different documented speakers as the same person. Do not copy source screenshots or branding.","B2 MEDIA QUEUE #0060 | Screen: B2.C06.L03.A01.S06 | Type: ambiguous (proposed video) | Save as: B2-C06-L03-A01-S06.mp4 | Destination: apps/web/public/media/busuu/b2/c06/l03/B2-C06-L03-A01-S06.mp4 | Source: apps/web/content/busuu/b2-c06-l03.v1.json | Target: screenId=B2.C06.L03.A01.S06, proposed visualSrc | Status: needs_review | Renderer/schema and version compatibility prerequisites apply","medium"
"61","needs_review","B2.C06.L03.A01.S07","B2 > Flavour > Describing something easy or difficult > A01 > S07","B2","C06","L03","A01","S07","ambiguous","B2.C06.L03.A01","B2-C06-L03-A01-S07.mp4","apps/web/public/media/busuu/b2/c06/l03/B2-C06-L03-A01-S07.mp4","apps/web/content/busuu/b2-c06-l03.v1.json","visualSrc","REVIEW REQUIRED; proposed video. Source describes video while runtime visual=none. Resolve the requirement before generating. After resolution: Create an original silent video in a 16:9 frame for a Japanese learning scene. Teaching context: Express ease and difficulty of actions using verb stems.. Scene/action context: Select difficulty from taste context. Meaning for visual context only, never visible text: This medicine is very bitter, so it is hard to take.. Use only the documented action/context; do not add curriculum events. Duration: 5 seconds (estimate; adjust for the documented action). Camera: Not specified in retained screen material. No exact opening pose/frame specified; establish from the documented scene context. No exact closing pose/frame specified; finish the documented action without adding events. All Japanese words, kanji, subtitles, translations, answer choices, captions and teaching labels are rendered by the app UI: generate no written text, no subtitles, no UI, no logos and no answer overlays. Generate no speech or audio track; the app supplies synthesized dialogue separately. Visual design and clothing are not fixed by the project; establish a consistent design within continuity group B2.C06.L03.A01, but do not treat different documented speakers as the same person. Do not copy source screenshots or branding.","B2 MEDIA QUEUE #0061 | Screen: B2.C06.L03.A01.S07 | Type: ambiguous (proposed video) | Save as: B2-C06-L03-A01-S07.mp4 | Destination: apps/web/public/media/busuu/b2/c06/l03/B2-C06-L03-A01-S07.mp4 | Source: apps/web/content/busuu/b2-c06-l03.v1.json | Target: screenId=B2.C06.L03.A01.S07, proposed visualSrc | Status: needs_review | Renderer/schema and version compatibility prerequisites apply","medium"
"62","needs_review","B2.C06.L03.A01.S08","B2 > Flavour > Describing something easy or difficult > A01 > S08","B2","C06","L03","A01","S08","ambiguous","B2.C06.L03.A01","B2-C06-L03-A01-S08.mp4","apps/web/public/media/busuu/b2/c06/l03/B2-C06-L03-A01-S08.mp4","apps/web/content/busuu/b2-c06-l03.v1.json","visualSrc","REVIEW REQUIRED; proposed video. Source describes video while runtime visual=none. Resolve the requirement before generating. After resolution: Create an original silent video in a 16:9 frame for a Japanese learning scene. Teaching context: Express ease and difficulty of actions using verb stems.. Scene/action context: Apply morphology to sitting posture. Meaning for visual context only, never visible text: This chair is too low, so it is hard to sit on.. Use only the documented action/context; do not add curriculum events. Duration: 5 seconds (estimate; adjust for the documented action). Camera: Not specified in retained screen material. No exact opening pose/frame specified; establish from the documented scene context. No exact closing pose/frame specified; finish the documented action without adding events. All Japanese words, kanji, subtitles, translations, answer choices, captions and teaching labels are rendered by the app UI: generate no written text, no subtitles, no UI, no logos and no answer overlays. Generate no speech or audio track; the app supplies synthesized dialogue separately. Visual design and clothing are not fixed by the project; establish a consistent design within continuity group B2.C06.L03.A01, but do not treat different documented speakers as the same person. Do not copy source screenshots or branding.","B2 MEDIA QUEUE #0062 | Screen: B2.C06.L03.A01.S08 | Type: ambiguous (proposed video) | Save as: B2-C06-L03-A01-S08.mp4 | Destination: apps/web/public/media/busuu/b2/c06/l03/B2-C06-L03-A01-S08.mp4 | Source: apps/web/content/busuu/b2-c06-l03.v1.json | Target: screenId=B2.C06.L03.A01.S08, proposed visualSrc | Status: needs_review | Renderer/schema and version compatibility prerequisites apply","medium"
"63","needs_review","B2.C06.L03.A01.S09","B2 > Flavour > Describing something easy or difficult > A01 > S09","B2","C06","L03","A01","S09","ambiguous","B2.C06.L03.A01","B2-C06-L03-A01-S09.mp4","apps/web/public/media/busuu/b2/c06/l03/B2-C06-L03-A01-S09.mp4","apps/web/content/busuu/b2-c06-l03.v1.json","visualSrc","REVIEW REQUIRED; proposed video. Source describes video while runtime visual=none. Resolve the requirement before generating. After resolution: Create an original silent video in a 16:9 frame for a Japanese learning scene. Teaching context: Express ease and difficulty of actions using verb stems.. Scene/action context: Interpret usability. Meaning for visual context only, never visible text: easy to use. Use only the documented action/context; do not add curriculum events. Duration: 5 seconds (estimate; adjust for the documented action). Camera: Not specified in retained screen material. No exact opening pose/frame specified; establish from the documented scene context. No exact closing pose/frame specified; finish the documented action without adding events. All Japanese words, kanji, subtitles, translations, answer choices, captions and teaching labels are rendered by the app UI: generate no written text, no subtitles, no UI, no logos and no answer overlays. Generate no speech or audio track; the app supplies synthesized dialogue separately. Visual design and clothing are not fixed by the project; establish a consistent design within continuity group B2.C06.L03.A01, but do not treat different documented speakers as the same person. Do not copy source screenshots or branding.","B2 MEDIA QUEUE #0063 | Screen: B2.C06.L03.A01.S09 | Type: ambiguous (proposed video) | Save as: B2-C06-L03-A01-S09.mp4 | Destination: apps/web/public/media/busuu/b2/c06/l03/B2-C06-L03-A01-S09.mp4 | Source: apps/web/content/busuu/b2-c06-l03.v1.json | Target: screenId=B2.C06.L03.A01.S09, proposed visualSrc | Status: needs_review | Renderer/schema and version compatibility prerequisites apply","medium"
"64","needs_review","B2.C06.L03.A01.S10","B2 > Flavour > Describing something easy or difficult > A01 > S10","B2","C06","L03","A01","S10","ambiguous","B2.C06.L03.A01","B2-C06-L03-A01-S10.mp4","apps/web/public/media/busuu/b2/c06/l03/B2-C06-L03-A01-S10.mp4","apps/web/content/busuu/b2-c06-l03.v1.json","visualSrc","REVIEW REQUIRED; proposed video. Source describes video while runtime visual=none. Resolve the requirement before generating. After resolution: Create an original silent video in a 16:9 frame for a Japanese learning scene. Teaching context: Express ease and difficulty of actions using verb stems.. Scene/action context: Infer suitable transport from access constraints. Meaning for visual context only, never visible text: hard to reach by train / easy to reach by car. Use only the documented action/context; do not add curriculum events. Duration: 9 seconds (estimate; adjust for the documented action). Camera: Not specified in retained screen material. No exact opening pose/frame specified; establish from the documented scene context. No exact closing pose/frame specified; finish the documented action without adding events. All Japanese words, kanji, subtitles, translations, answer choices, captions and teaching labels are rendered by the app UI: generate no written text, no subtitles, no UI, no logos and no answer overlays. Generate no speech or audio track; the app supplies synthesized dialogue separately. Visual design and clothing are not fixed by the project; establish a consistent design within continuity group B2.C06.L03.A01, but do not treat different documented speakers as the same person. Do not copy source screenshots or branding.","B2 MEDIA QUEUE #0064 | Screen: B2.C06.L03.A01.S10 | Type: ambiguous (proposed video) | Save as: B2-C06-L03-A01-S10.mp4 | Destination: apps/web/public/media/busuu/b2/c06/l03/B2-C06-L03-A01-S10.mp4 | Source: apps/web/content/busuu/b2-c06-l03.v1.json | Target: screenId=B2.C06.L03.A01.S10, proposed visualSrc | Status: needs_review | Renderer/schema and version compatibility prerequisites apply","medium"
"65","pending_generation","B2.C06.L03.A02.S01","B2 > Flavour > Describing something easy or difficult > A02 > S01","B2","C06","L03","A02","S01","video","B2.C06.L03.A02","B2-C06-L03-A02-S01.mp4","apps/web/public/media/busuu/b2/c06/l03/B2-C06-L03-A02-S01.mp4","apps/web/content/busuu/b2-c06-l03.v1.json","visualSrc","Create an original silent video in a 16:9 frame for a Japanese learning scene. Teaching context: Express ease and difficulty of actions using verb stems.. Scene/action context: Introduce guidance/information vocabulary. Meaning for visual context only, never visible text: A staff member will guide you to the station.. Use only the documented action/context; do not add curriculum events. Duration: 5 seconds (estimate; adjust for the documented action). Camera: Not specified in retained screen material. No exact opening pose/frame specified; establish from the documented scene context. No exact closing pose/frame specified; finish the documented action without adding events. All Japanese words, kanji, subtitles, translations, answer choices, captions and teaching labels are rendered by the app UI: generate no written text, no subtitles, no UI, no logos and no answer overlays. Generate no speech or audio track; the app supplies synthesized dialogue separately. Visual design and clothing are not fixed by the project; establish a consistent design within continuity group B2.C06.L03.A02, but do not treat different documented speakers as the same person. Do not copy source screenshots or branding.","B2 MEDIA QUEUE #0065 | Screen: B2.C06.L03.A02.S01 | Type: video | Save as: B2-C06-L03-A02-S01.mp4 | Destination: apps/web/public/media/busuu/b2/c06/l03/B2-C06-L03-A02-S01.mp4 | Source: apps/web/content/busuu/b2-c06-l03.v1.json | Target: screenId=B2.C06.L03.A02.S01, proposed visualSrc | Status: pending_generation | Renderer/schema and version compatibility prerequisites apply","high"
"66","needs_review","B2.C06.L03.A02.S02","B2 > Flavour > Describing something easy or difficult > A02 > S02","B2","C06","L03","A02","S02","ambiguous","B2.C06.L03.A02","B2-C06-L03-A02-S02.mp4","apps/web/public/media/busuu/b2/c06/l03/B2-C06-L03-A02-S02.mp4","apps/web/content/busuu/b2-c06-l03.v1.json","visualSrc","REVIEW REQUIRED; proposed video. Source describes video while runtime visual=none. Resolve the requirement before generating. After resolution: Create an original silent video in a 16:9 frame for a Japanese learning scene. Teaching context: Express ease and difficulty of actions using verb stems.. Scene/action context: Use guidance noun in suru construction. Meaning for visual context only, never visible text: A staff member will guide you to the station.. Use only the documented action/context; do not add curriculum events. Duration: 5 seconds (estimate; adjust for the documented action). Camera: Not specified in retained screen material. No exact opening pose/frame specified; establish from the documented scene context. No exact closing pose/frame specified; finish the documented action without adding events. All Japanese words, kanji, subtitles, translations, answer choices, captions and teaching labels are rendered by the app UI: generate no written text, no subtitles, no UI, no logos and no answer overlays. Generate no speech or audio track; the app supplies synthesized dialogue separately. Visual design and clothing are not fixed by the project; establish a consistent design within continuity group B2.C06.L03.A02, but do not treat different documented speakers as the same person. Do not copy source screenshots or branding.","B2 MEDIA QUEUE #0066 | Screen: B2.C06.L03.A02.S02 | Type: ambiguous (proposed video) | Save as: B2-C06-L03-A02-S02.mp4 | Destination: apps/web/public/media/busuu/b2/c06/l03/B2-C06-L03-A02-S02.mp4 | Source: apps/web/content/busuu/b2-c06-l03.v1.json | Target: screenId=B2.C06.L03.A02.S02, proposed visualSrc | Status: needs_review | Renderer/schema and version compatibility prerequisites apply","medium"
"67","needs_review","B2.C06.L03.A02.S03","B2 > Flavour > Describing something easy or difficult > A02 > S03","B2","C06","L03","A02","S03","ambiguous","B2.C06.L03.A02","B2-C06-L03-A02-S03.mp4","apps/web/public/media/busuu/b2/c06/l03/B2-C06-L03-A02-S03.mp4","apps/web/content/busuu/b2-c06-l03.v1.json","visualSrc","REVIEW REQUIRED; proposed video. Source describes video while runtime visual=none. Resolve the requirement before generating. After resolution: Create an original silent video in a 16:9 frame for a Japanese learning scene. Teaching context: Express ease and difficulty of actions using verb stems.. Scene/action context: Construct past ease adjective. Meaning for visual context only, never visible text: Yesterday’s directions were easy to understand.. Use only the documented action/context; do not add curriculum events. Duration: 5 seconds (estimate; adjust for the documented action). Camera: Not specified in retained screen material. No exact opening pose/frame specified; establish from the documented scene context. No exact closing pose/frame specified; finish the documented action without adding events. All Japanese words, kanji, subtitles, translations, answer choices, captions and teaching labels are rendered by the app UI: generate no written text, no subtitles, no UI, no logos and no answer overlays. Generate no speech or audio track; the app supplies synthesized dialogue separately. Visual design and clothing are not fixed by the project; establish a consistent design within continuity group B2.C06.L03.A02, but do not treat different documented speakers as the same person. Do not copy source screenshots or branding.","B2 MEDIA QUEUE #0067 | Screen: B2.C06.L03.A02.S03 | Type: ambiguous (proposed video) | Save as: B2-C06-L03-A02-S03.mp4 | Destination: apps/web/public/media/busuu/b2/c06/l03/B2-C06-L03-A02-S03.mp4 | Source: apps/web/content/busuu/b2-c06-l03.v1.json | Target: screenId=B2.C06.L03.A02.S03, proposed visualSrc | Status: needs_review | Renderer/schema and version compatibility prerequisites apply","medium"
"68","needs_review","B2.C06.L03.A02.S05","B2 > Flavour > Describing something easy or difficult > A02 > S05","B2","C06","L03","A02","S05","ambiguous","B2.C06.L03.A02","B2-C06-L03-A02-S05.mp4","apps/web/public/media/busuu/b2/c06/l03/B2-C06-L03-A02-S05.mp4","apps/web/content/busuu/b2-c06-l03.v1.json","visualSrc","REVIEW REQUIRED; proposed video. Source describes video while runtime visual=none. Resolve the requirement before generating. After resolution: Create an original silent video in a 16:9 frame for a Japanese learning scene. Teaching context: Express ease and difficulty of actions using verb stems.. Scene/action context: Use ease adjective before noun. Meaning for visual context only, never visible text: This is easy-to-understand tourist information.. Use only the documented action/context; do not add curriculum events. Duration: 5 seconds (estimate; adjust for the documented action). Camera: Not specified in retained screen material. No exact opening pose/frame specified; establish from the documented scene context. No exact closing pose/frame specified; finish the documented action without adding events. All Japanese words, kanji, subtitles, translations, answer choices, captions and teaching labels are rendered by the app UI: generate no written text, no subtitles, no UI, no logos and no answer overlays. Generate no speech or audio track; the app supplies synthesized dialogue separately. Visual design and clothing are not fixed by the project; establish a consistent design within continuity group B2.C06.L03.A02, but do not treat different documented speakers as the same person. Do not copy source screenshots or branding.","B2 MEDIA QUEUE #0068 | Screen: B2.C06.L03.A02.S05 | Type: ambiguous (proposed video) | Save as: B2-C06-L03-A02-S05.mp4 | Destination: apps/web/public/media/busuu/b2/c06/l03/B2-C06-L03-A02-S05.mp4 | Source: apps/web/content/busuu/b2-c06-l03.v1.json | Target: screenId=B2.C06.L03.A02.S05, proposed visualSrc | Status: needs_review | Renderer/schema and version compatibility prerequisites apply","medium"
"69","needs_review","B2.C06.L03.A02.S06","B2 > Flavour > Describing something easy or difficult > A02 > S06","B2","C06","L03","A02","S06","ambiguous","B2.C06.L03.A02","B2-C06-L03-A02-S06.mp4","apps/web/public/media/busuu/b2/c06/l03/B2-C06-L03-A02-S06.mp4","apps/web/content/busuu/b2-c06-l03.v1.json","visualSrc","REVIEW REQUIRED; proposed video. Source describes video while runtime visual=none. Resolve the requirement before generating. After resolution: Create an original silent video in a 16:9 frame for a Japanese learning scene. Teaching context: Express ease and difficulty of actions using verb stems.. Scene/action context: Modify a verb with ku form. Meaning for visual context only, never visible text: The staff member explains the route clearly.. Use only the documented action/context; do not add curriculum events. Duration: 5 seconds (estimate; adjust for the documented action). Camera: Not specified in retained screen material. No exact opening pose/frame specified; establish from the documented scene context. No exact closing pose/frame specified; finish the documented action without adding events. All Japanese words, kanji, subtitles, translations, answer choices, captions and teaching labels are rendered by the app UI: generate no written text, no subtitles, no UI, no logos and no answer overlays. Generate no speech or audio track; the app supplies synthesized dialogue separately. Visual design and clothing are not fixed by the project; establish a consistent design within continuity group B2.C06.L03.A02, but do not treat different documented speakers as the same person. Do not copy source screenshots or branding.","B2 MEDIA QUEUE #0069 | Screen: B2.C06.L03.A02.S06 | Type: ambiguous (proposed video) | Save as: B2-C06-L03-A02-S06.mp4 | Destination: apps/web/public/media/busuu/b2/c06/l03/B2-C06-L03-A02-S06.mp4 | Source: apps/web/content/busuu/b2-c06-l03.v1.json | Target: screenId=B2.C06.L03.A02.S06, proposed visualSrc | Status: needs_review | Renderer/schema and version compatibility prerequisites apply","medium"
"70","needs_review","B2.C06.L03.A02.S07","B2 > Flavour > Describing something easy or difficult > A02 > S07","B2","C06","L03","A02","S07","ambiguous","B2.C06.L03.A02","B2-C06-L03-A02-S07.mp4","apps/web/public/media/busuu/b2/c06/l03/B2-C06-L03-A02-S07.mp4","apps/web/content/busuu/b2-c06-l03.v1.json","visualSrc","REVIEW REQUIRED; proposed video. Source describes video while runtime visual=none. Resolve the requirement before generating. After resolution: Create an original silent video in a 16:9 frame for a Japanese learning scene. Teaching context: Express ease and difficulty of actions using verb stems.. Scene/action context: Retrieve adverbial inflection with result-state reuse. Meaning for visual context only, never visible text: The information has been written clearly on this information board.. Use only the documented action/context; do not add curriculum events. Duration: 5 seconds (estimate; adjust for the documented action). Camera: Not specified in retained screen material. No exact opening pose/frame specified; establish from the documented scene context. No exact closing pose/frame specified; finish the documented action without adding events. All Japanese words, kanji, subtitles, translations, answer choices, captions and teaching labels are rendered by the app UI: generate no written text, no subtitles, no UI, no logos and no answer overlays. Generate no speech or audio track; the app supplies synthesized dialogue separately. Visual design and clothing are not fixed by the project; establish a consistent design within continuity group B2.C06.L03.A02, but do not treat different documented speakers as the same person. Do not copy source screenshots or branding.","B2 MEDIA QUEUE #0070 | Screen: B2.C06.L03.A02.S07 | Type: ambiguous (proposed video) | Save as: B2-C06-L03-A02-S07.mp4 | Destination: apps/web/public/media/busuu/b2/c06/l03/B2-C06-L03-A02-S07.mp4 | Source: apps/web/content/busuu/b2-c06-l03.v1.json | Target: screenId=B2.C06.L03.A02.S07, proposed visualSrc | Status: needs_review | Renderer/schema and version compatibility prerequisites apply","medium"
"71","pending_generation","B2.C06.L04.A01.S01","B2 > Flavour > Indicating emphasis with も > A01 > S01","B2","C06","L04","A01","S01","video","B2.C06.L04.A01","B2-C06-L04-A01-S01.mp4","apps/web/public/media/busuu/b2/c06/l04/B2-C06-L04-A01-S01.mp4","apps/web/content/busuu/b2-c06-l04.v1.json","visualSrc","Create an original silent video in a 16:9 frame for a Japanese learning scene. Teaching context: Emphasise quantity and frequency.. Scene/action context: Choose flat-object counter. Meaning for visual context only, never visible text: There are three empty plates.. Use only the documented action/context; do not add curriculum events. Duration: 5 seconds (estimate; adjust for the documented action). Camera: Not specified in retained screen material. No exact opening pose/frame specified; establish from the documented scene context. No exact closing pose/frame specified; finish the documented action without adding events. All Japanese words, kanji, subtitles, translations, answer choices, captions and teaching labels are rendered by the app UI: generate no written text, no subtitles, no UI, no logos and no answer overlays. Generate no speech or audio track; the app supplies synthesized dialogue separately. Visual design and clothing are not fixed by the project; establish a consistent design within continuity group B2.C06.L04.A01, but do not treat different documented speakers as the same person. Do not copy source screenshots or branding.","B2 MEDIA QUEUE #0071 | Screen: B2.C06.L04.A01.S01 | Type: video | Save as: B2-C06-L04-A01-S01.mp4 | Destination: apps/web/public/media/busuu/b2/c06/l04/B2-C06-L04-A01-S01.mp4 | Source: apps/web/content/busuu/b2-c06-l04.v1.json | Target: screenId=B2.C06.L04.A01.S01, proposed visualSrc | Status: pending_generation | Renderer/schema and version compatibility prerequisites apply","high"
"72","pending_generation","B2.C06.L04.A01.S03","B2 > Flavour > Indicating emphasis with も > A01 > S03","B2","C06","L04","A01","S03","video","B2.C06.L04.A01","B2-C06-L04-A01-S03.mp4","apps/web/public/media/busuu/b2/c06/l04/B2-C06-L04-A01-S03.mp4","apps/web/content/busuu/b2-c06-l04.v1.json","visualSrc","Create an original silent video in a 16:9 frame for a Japanese learning scene. Teaching context: Emphasise quantity and frequency.. Scene/action context: Select serving-price expression. Meaning for visual context only, never visible text: This sushi costs two hundred yen per plateful.. Use only the documented action/context; do not add curriculum events. Duration: 5 seconds (estimate; adjust for the documented action). Camera: Not specified in retained screen material. No exact opening pose/frame specified; establish from the documented scene context. No exact closing pose/frame specified; finish the documented action without adding events. All Japanese words, kanji, subtitles, translations, answer choices, captions and teaching labels are rendered by the app UI: generate no written text, no subtitles, no UI, no logos and no answer overlays. Generate no speech or audio track; the app supplies synthesized dialogue separately. Visual design and clothing are not fixed by the project; establish a consistent design within continuity group B2.C06.L04.A01, but do not treat different documented speakers as the same person. Do not copy source screenshots or branding.","B2 MEDIA QUEUE #0072 | Screen: B2.C06.L04.A01.S03 | Type: video | Save as: B2-C06-L04-A01-S03.mp4 | Destination: apps/web/public/media/busuu/b2/c06/l04/B2-C06-L04-A01-S03.mp4 | Source: apps/web/content/busuu/b2-c06-l04.v1.json | Target: screenId=B2.C06.L04.A01.S03, proposed visualSrc | Status: pending_generation | Renderer/schema and version compatibility prerequisites apply","high"
"73","pending_generation","B2.C06.L04.A01.S05","B2 > Flavour > Indicating emphasis with も > A01 > S05","B2","C06","L04","A01","S05","video","B2.C06.L04.A01","B2-C06-L04-A01-S05.mp4","apps/web/public/media/busuu/b2/c06/l04/B2-C06-L04-A01-S05.mp4","apps/web/content/busuu/b2-c06-l04.v1.json","visualSrc","Create an original silent video in a 16:9 frame for a Japanese learning scene. Teaching context: Emphasise quantity and frequency.. Scene/action context: Check quantity in service context. Use only the documented action/context; do not add curriculum events. Duration: 5 seconds (estimate; adjust for the documented action). Camera: Not specified in retained screen material. No exact opening pose/frame specified; establish from the documented scene context. No exact closing pose/frame specified; finish the documented action without adding events. All Japanese words, kanji, subtitles, translations, answer choices, captions and teaching labels are rendered by the app UI: generate no written text, no subtitles, no UI, no logos and no answer overlays. Generate no speech or audio track; the app supplies synthesized dialogue separately. Visual design and clothing are not fixed by the project; establish a consistent design within continuity group B2.C06.L04.A01, but do not treat different documented speakers as the same person. Do not copy source screenshots or branding.","B2 MEDIA QUEUE #0073 | Screen: B2.C06.L04.A01.S05 | Type: video | Save as: B2-C06-L04-A01-S05.mp4 | Destination: apps/web/public/media/busuu/b2/c06/l04/B2-C06-L04-A01-S05.mp4 | Source: apps/web/content/busuu/b2-c06-l04.v1.json | Target: screenId=B2.C06.L04.A01.S05, proposed visualSrc | Status: pending_generation | Renderer/schema and version compatibility prerequisites apply","high"
"74","pending_generation","B2.C06.L04.A01.S07","B2 > Flavour > Indicating emphasis with も > A01 > S07","B2","C06","L04","A01","S07","video","B2.C06.L04.A01","B2-C06-L04-A01-S07.mp4","apps/web/public/media/busuu/b2/c06/l04/B2-C06-L04-A01-S07.mp4","apps/web/content/busuu/b2-c06-l04.v1.json","visualSrc","Create an original silent video in a 16:9 frame for a Japanese learning scene. Teaching context: Emphasise quantity and frequency.. Scene/action context: Choose emphatic particle. Meaning for visual context only, never visible text: I ate as many as ten plates of sushi.. Use only the documented action/context; do not add curriculum events. Duration: 5 seconds (estimate; adjust for the documented action). Camera: Not specified in retained screen material. No exact opening pose/frame specified; establish from the documented scene context. No exact closing pose/frame specified; finish the documented action without adding events. All Japanese words, kanji, subtitles, translations, answer choices, captions and teaching labels are rendered by the app UI: generate no written text, no subtitles, no UI, no logos and no answer overlays. Generate no speech or audio track; the app supplies synthesized dialogue separately. Visual design and clothing are not fixed by the project; establish a consistent design within continuity group B2.C06.L04.A01, but do not treat different documented speakers as the same person. Do not copy source screenshots or branding.","B2 MEDIA QUEUE #0074 | Screen: B2.C06.L04.A01.S07 | Type: video | Save as: B2-C06-L04-A01-S07.mp4 | Destination: apps/web/public/media/busuu/b2/c06/l04/B2-C06-L04-A01-S07.mp4 | Source: apps/web/content/busuu/b2-c06-l04.v1.json | Target: screenId=B2.C06.L04.A01.S07, proposed visualSrc | Status: pending_generation | Renderer/schema and version compatibility prerequisites apply","high"
"75","pending_generation","B2.C06.L04.A01.S09","B2 > Flavour > Indicating emphasis with も > A01 > S09","B2","C06","L04","A01","S09","video","B2.C06.L04.A01","B2-C06-L04-A01-S09.mp4","apps/web/public/media/busuu/b2/c06/l04/B2-C06-L04-A01-S09.mp4","apps/web/content/busuu/b2-c06-l04.v1.json","visualSrc","Create an original silent video in a 16:9 frame for a Japanese learning scene. Teaching context: Emphasise quantity and frequency.. Scene/action context: Recognise emphasis function. Use only the documented action/context; do not add curriculum events. Duration: 5 seconds (estimate; adjust for the documented action). Camera: Not specified in retained screen material. No exact opening pose/frame specified; establish from the documented scene context. No exact closing pose/frame specified; finish the documented action without adding events. All Japanese words, kanji, subtitles, translations, answer choices, captions and teaching labels are rendered by the app UI: generate no written text, no subtitles, no UI, no logos and no answer overlays. Generate no speech or audio track; the app supplies synthesized dialogue separately. Visual design and clothing are not fixed by the project; establish a consistent design within continuity group B2.C06.L04.A01, but do not treat different documented speakers as the same person. Do not copy source screenshots or branding.","B2 MEDIA QUEUE #0075 | Screen: B2.C06.L04.A01.S09 | Type: video | Save as: B2-C06-L04-A01-S09.mp4 | Destination: apps/web/public/media/busuu/b2/c06/l04/B2-C06-L04-A01-S09.mp4 | Source: apps/web/content/busuu/b2-c06-l04.v1.json | Target: screenId=B2.C06.L04.A01.S09, proposed visualSrc | Status: pending_generation | Renderer/schema and version compatibility prerequisites apply","high"
"76","pending_generation","B2.C06.L04.A01.S10","B2 > Flavour > Indicating emphasis with も > A01 > S10","B2","C06","L04","A01","S10","video","B2.C06.L04.A01","B2-C06-L04-A01-S10.mp4","apps/web/public/media/busuu/b2/c06/l04/B2-C06-L04-A01-S10.mp4","apps/web/content/busuu/b2-c06-l04.v1.json","visualSrc","Create an original silent video in a 16:9 frame for a Japanese learning scene. Teaching context: Emphasise quantity and frequency.. Scene/action context: Place destination and frequency emphasis. Meaning for visual context only, never visible text: Last year I went to Kyoto as many as three times.. Use only the documented action/context; do not add curriculum events. Duration: 5 seconds (estimate; adjust for the documented action). Camera: Not specified in retained screen material. No exact opening pose/frame specified; establish from the documented scene context. No exact closing pose/frame specified; finish the documented action without adding events. All Japanese words, kanji, subtitles, translations, answer choices, captions and teaching labels are rendered by the app UI: generate no written text, no subtitles, no UI, no logos and no answer overlays. Generate no speech or audio track; the app supplies synthesized dialogue separately. Visual design and clothing are not fixed by the project; establish a consistent design within continuity group B2.C06.L04.A01, but do not treat different documented speakers as the same person. Do not copy source screenshots or branding.","B2 MEDIA QUEUE #0076 | Screen: B2.C06.L04.A01.S10 | Type: video | Save as: B2-C06-L04-A01-S10.mp4 | Destination: apps/web/public/media/busuu/b2/c06/l04/B2-C06-L04-A01-S10.mp4 | Source: apps/web/content/busuu/b2-c06-l04.v1.json | Target: screenId=B2.C06.L04.A01.S10, proposed visualSrc | Status: pending_generation | Renderer/schema and version compatibility prerequisites apply","high"
"77","pending_generation","B2.C06.L04.A02.S02","B2 > Flavour > Indicating emphasis with も > A02 > S02","B2","C06","L04","A02","S02","video","B2.C06.L04.A02","B2-C06-L04-A02-S02.mp4","apps/web/public/media/busuu/b2/c06/l04/B2-C06-L04-A02-S02.mp4","apps/web/content/busuu/b2-c06-l04.v1.json","visualSrc","Create an original silent video in a 16:9 frame for a Japanese learning scene. Teaching context: Emphasise quantity and frequency.. Scene/action context: Select bowl counter in request. Meaning for visual context only, never visible text: One bowlful of rice, please.. Use only the documented action/context; do not add curriculum events. Duration: 5 seconds (estimate; adjust for the documented action). Camera: Not specified in retained screen material. No exact opening pose/frame specified; establish from the documented scene context. No exact closing pose/frame specified; finish the documented action without adding events. All Japanese words, kanji, subtitles, translations, answer choices, captions and teaching labels are rendered by the app UI: generate no written text, no subtitles, no UI, no logos and no answer overlays. Generate no speech or audio track; the app supplies synthesized dialogue separately. Visual design and clothing are not fixed by the project; establish a consistent design within continuity group B2.C06.L04.A02, but do not treat different documented speakers as the same person. Do not copy source screenshots or branding.","B2 MEDIA QUEUE #0077 | Screen: B2.C06.L04.A02.S02 | Type: video | Save as: B2-C06-L04-A02-S02.mp4 | Destination: apps/web/public/media/busuu/b2/c06/l04/B2-C06-L04-A02-S02.mp4 | Source: apps/web/content/busuu/b2-c06-l04.v1.json | Target: screenId=B2.C06.L04.A02.S02, proposed visualSrc | Status: pending_generation | Renderer/schema and version compatibility prerequisites apply","high"
"78","pending_generation","B2.C06.L04.A02.S03","B2 > Flavour > Indicating emphasis with も > A02 > S03","B2","C06","L04","A02","S03","video","B2.C06.L04.A02","B2-C06-L04-A02-S03.mp4","apps/web/public/media/busuu/b2/c06/l04/B2-C06-L04-A02-S03.mp4","apps/web/content/busuu/b2-c06-l04.v1.json","visualSrc","Create an original silent video in a 16:9 frame for a Japanese learning scene. Teaching context: Emphasise quantity and frequency.. Scene/action context: Combine object particle and emphasis. Meaning for visual context only, never visible text: I drank as many as six cups of tea.. Use only the documented action/context; do not add curriculum events. Duration: 5 seconds (estimate; adjust for the documented action). Camera: Not specified in retained screen material. No exact opening pose/frame specified; establish from the documented scene context. No exact closing pose/frame specified; finish the documented action without adding events. All Japanese words, kanji, subtitles, translations, answer choices, captions and teaching labels are rendered by the app UI: generate no written text, no subtitles, no UI, no logos and no answer overlays. Generate no speech or audio track; the app supplies synthesized dialogue separately. Visual design and clothing are not fixed by the project; establish a consistent design within continuity group B2.C06.L04.A02, but do not treat different documented speakers as the same person. Do not copy source screenshots or branding.","B2 MEDIA QUEUE #0078 | Screen: B2.C06.L04.A02.S03 | Type: video | Save as: B2-C06-L04-A02-S03.mp4 | Destination: apps/web/public/media/busuu/b2/c06/l04/B2-C06-L04-A02-S03.mp4 | Source: apps/web/content/busuu/b2-c06-l04.v1.json | Target: screenId=B2.C06.L04.A02.S03, proposed visualSrc | Status: pending_generation | Renderer/schema and version compatibility prerequisites apply","high"
"79","pending_generation","B2.C06.L04.A02.S04","B2 > Flavour > Indicating emphasis with も > A02 > S04","B2","C06","L04","A02","S04","video","B2.C06.L04.A02","B2-C06-L04-A02-S04.mp4","apps/web/public/media/busuu/b2/c06/l04/B2-C06-L04-A02-S04.mp4","apps/web/content/busuu/b2-c06-l04.v1.json","visualSrc","Create an original silent video in a 16:9 frame for a Japanese learning scene. Teaching context: Emphasise quantity and frequency.. Scene/action context: Infer drink container from counter. Use only the documented action/context; do not add curriculum events. Duration: 5 seconds (estimate; adjust for the documented action). Camera: Not specified in retained screen material. No exact opening pose/frame specified; establish from the documented scene context. No exact closing pose/frame specified; finish the documented action without adding events. All Japanese words, kanji, subtitles, translations, answer choices, captions and teaching labels are rendered by the app UI: generate no written text, no subtitles, no UI, no logos and no answer overlays. Generate no speech or audio track; the app supplies synthesized dialogue separately. Visual design and clothing are not fixed by the project; establish a consistent design within continuity group B2.C06.L04.A02, but do not treat different documented speakers as the same person. Do not copy source screenshots or branding.","B2 MEDIA QUEUE #0079 | Screen: B2.C06.L04.A02.S04 | Type: video | Save as: B2-C06-L04-A02-S04.mp4 | Destination: apps/web/public/media/busuu/b2/c06/l04/B2-C06-L04-A02-S04.mp4 | Source: apps/web/content/busuu/b2-c06-l04.v1.json | Target: screenId=B2.C06.L04.A02.S04, proposed visualSrc | Status: pending_generation | Renderer/schema and version compatibility prerequisites apply","high"
"80","pending_generation","B2.C06.L04.A02.S07","B2 > Flavour > Indicating emphasis with も > A02 > S07","B2","C06","L04","A02","S07","video","B2.C06.L04.A02","B2-C06-L04-A02-S07.mp4","apps/web/public/media/busuu/b2/c06/l04/B2-C06-L04-A02-S07.mp4","apps/web/content/busuu/b2-c06-l04.v1.json","visualSrc","Create an original silent video in a 16:9 frame for a Japanese learning scene. Teaching context: Emphasise quantity and frequency.. Scene/action context: Retrieve duration emphasis particle. Meaning for visual context only, never visible text: I stayed at the inn for as long as five days.. Use only the documented action/context; do not add curriculum events. Duration: 5 seconds (estimate; adjust for the documented action). Camera: Not specified in retained screen material. No exact opening pose/frame specified; establish from the documented scene context. No exact closing pose/frame specified; finish the documented action without adding events. All Japanese words, kanji, subtitles, translations, answer choices, captions and teaching labels are rendered by the app UI: generate no written text, no subtitles, no UI, no logos and no answer overlays. Generate no speech or audio track; the app supplies synthesized dialogue separately. Visual design and clothing are not fixed by the project; establish a consistent design within continuity group B2.C06.L04.A02, but do not treat different documented speakers as the same person. Do not copy source screenshots or branding.","B2 MEDIA QUEUE #0080 | Screen: B2.C06.L04.A02.S07 | Type: video | Save as: B2-C06-L04-A02-S07.mp4 | Destination: apps/web/public/media/busuu/b2/c06/l04/B2-C06-L04-A02-S07.mp4 | Source: apps/web/content/busuu/b2-c06-l04.v1.json | Target: screenId=B2.C06.L04.A02.S07, proposed visualSrc | Status: pending_generation | Renderer/schema and version compatibility prerequisites apply","high"
"81","pending_generation","B2.C06.L05.A01.S02","B2 > Flavour > Kanji: 客 観 光 遠 杯 > A01 > S02","B2","C06","L05","A01","S02","video","B2.C06.L05.A01","B2-C06-L05-A01-S02.mp4","apps/web/public/media/busuu/b2/c06/l05/B2-C06-L05-A01-S02.mp4","apps/web/content/busuu/b2-c06-l05.v1.json","visualSrc","Create an original silent video in a 16:9 frame for a Japanese learning scene. Teaching context: Recognise and read five thematic kanji.. Scene/action context: Recognise guest character. Meaning for visual context only, never visible text: The guest room is on the second floor.. Use only the documented action/context; do not add curriculum events. Duration: 5 seconds (estimate; adjust for the documented action). Camera: Not specified in retained screen material. No exact opening pose/frame specified; establish from the documented scene context. No exact closing pose/frame specified; finish the documented action without adding events. All Japanese words, kanji, subtitles, translations, answer choices, captions and teaching labels are rendered by the app UI: generate no written text, no subtitles, no UI, no logos and no answer overlays. Generate no speech or audio track; the app supplies synthesized dialogue separately. Visual design and clothing are not fixed by the project; establish a consistent design within continuity group B2.C06.L05.A01, but do not treat different documented speakers as the same person. Do not copy source screenshots or branding.","B2 MEDIA QUEUE #0081 | Screen: B2.C06.L05.A01.S02 | Type: video | Save as: B2-C06-L05-A01-S02.mp4 | Destination: apps/web/public/media/busuu/b2/c06/l05/B2-C06-L05-A01-S02.mp4 | Source: apps/web/content/busuu/b2-c06-l05.v1.json | Target: screenId=B2.C06.L05.A01.S02, proposed visualSrc | Status: pending_generation | Renderer/schema and version compatibility prerequisites apply","high"
"82","pending_generation","B2.C06.L05.A01.S04","B2 > Flavour > Kanji: 客 観 光 遠 杯 > A01 > S04","B2","C06","L05","A01","S04","video","B2.C06.L05.A01","B2-C06-L05-A01-S04.mp4","apps/web/public/media/busuu/b2/c06/l05/B2-C06-L05-A01-S04.mp4","apps/web/content/busuu/b2-c06-l05.v1.json","visualSrc","Create an original silent video in a 16:9 frame for a Japanese learning scene. Teaching context: Recognise and read five thematic kanji.. Scene/action context: Recognise viewing character. Meaning for visual context only, never visible text: view; observe. Use only the documented action/context; do not add curriculum events. Duration: 5 seconds (estimate; adjust for the documented action). Camera: Not specified in retained screen material. No exact opening pose/frame specified; establish from the documented scene context. No exact closing pose/frame specified; finish the documented action without adding events. All Japanese words, kanji, subtitles, translations, answer choices, captions and teaching labels are rendered by the app UI: generate no written text, no subtitles, no UI, no logos and no answer overlays. Generate no speech or audio track; the app supplies synthesized dialogue separately. Visual design and clothing are not fixed by the project; establish a consistent design within continuity group B2.C06.L05.A01, but do not treat different documented speakers as the same person. Do not copy source screenshots or branding.","B2 MEDIA QUEUE #0082 | Screen: B2.C06.L05.A01.S04 | Type: video | Save as: B2-C06-L05-A01-S04.mp4 | Destination: apps/web/public/media/busuu/b2/c06/l05/B2-C06-L05-A01-S04.mp4 | Source: apps/web/content/busuu/b2-c06-l05.v1.json | Target: screenId=B2.C06.L05.A01.S04, proposed visualSrc | Status: pending_generation | Renderer/schema and version compatibility prerequisites apply","high"
"83","pending_generation","B2.C06.L05.A01.S08","B2 > Flavour > Kanji: 客 観 光 遠 杯 > A01 > S08","B2","C06","L05","A01","S08","video","B2.C06.L05.A01","B2-C06-L05-A01-S08.mp4","apps/web/public/media/busuu/b2/c06/l05/B2-C06-L05-A01-S08.mp4","apps/web/content/busuu/b2-c06-l05.v1.json","visualSrc","Create an original silent video in a 16:9 frame for a Japanese learning scene. Teaching context: Recognise and read five thematic kanji.. Scene/action context: Recognise light character. Meaning for visual context only, never visible text: light. Use only the documented action/context; do not add curriculum events. Duration: 5 seconds (estimate; adjust for the documented action). Camera: Not specified in retained screen material. No exact opening pose/frame specified; establish from the documented scene context. No exact closing pose/frame specified; finish the documented action without adding events. All Japanese words, kanji, subtitles, translations, answer choices, captions and teaching labels are rendered by the app UI: generate no written text, no subtitles, no UI, no logos and no answer overlays. Generate no speech or audio track; the app supplies synthesized dialogue separately. Visual design and clothing are not fixed by the project; establish a consistent design within continuity group B2.C06.L05.A01, but do not treat different documented speakers as the same person. Do not copy source screenshots or branding.","B2 MEDIA QUEUE #0083 | Screen: B2.C06.L05.A01.S08 | Type: video | Save as: B2-C06-L05-A01-S08.mp4 | Destination: apps/web/public/media/busuu/b2/c06/l05/B2-C06-L05-A01-S08.mp4 | Source: apps/web/content/busuu/b2-c06-l05.v1.json | Target: screenId=B2.C06.L05.A01.S08, proposed visualSrc | Status: pending_generation | Renderer/schema and version compatibility prerequisites apply","high"
"84","pending_generation","B2.C06.L05.A01.S10","B2 > Flavour > Kanji: 客 観 光 遠 杯 > A01 > S10","B2","C06","L05","A01","S10","video","B2.C06.L05.A01","B2-C06-L05-A01-S10.mp4","apps/web/public/media/busuu/b2/c06/l05/B2-C06-L05-A01-S10.mp4","apps/web/content/busuu/b2-c06-l05.v1.json","visualSrc","Create an original silent video in a 16:9 frame for a Japanese learning scene. Teaching context: Recognise and read five thematic kanji.. Scene/action context: Construct passenger/sightseeing compounds in context. Meaning for visual context only, never visible text: The passengers go sightseeing in Kyoto.. Use only the documented action/context; do not add curriculum events. Duration: 5 seconds (estimate; adjust for the documented action). Camera: Not specified in retained screen material. No exact opening pose/frame specified; establish from the documented scene context. No exact closing pose/frame specified; finish the documented action without adding events. All Japanese words, kanji, subtitles, translations, answer choices, captions and teaching labels are rendered by the app UI: generate no written text, no subtitles, no UI, no logos and no answer overlays. Generate no speech or audio track; the app supplies synthesized dialogue separately. Visual design and clothing are not fixed by the project; establish a consistent design within continuity group B2.C06.L05.A01, but do not treat different documented speakers as the same person. Do not copy source screenshots or branding.","B2 MEDIA QUEUE #0084 | Screen: B2.C06.L05.A01.S10 | Type: video | Save as: B2-C06-L05-A01-S10.mp4 | Destination: apps/web/public/media/busuu/b2/c06/l05/B2-C06-L05-A01-S10.mp4 | Source: apps/web/content/busuu/b2-c06-l05.v1.json | Target: screenId=B2.C06.L05.A01.S10, proposed visualSrc | Status: pending_generation | Renderer/schema and version compatibility prerequisites apply","high"
"85","pending_generation","B2.C06.L05.A02.S02","B2 > Flavour > Kanji: 客 観 光 遠 杯 > A02 > S02","B2","C06","L05","A02","S02","video","B2.C06.L05.A02","B2-C06-L05-A02-S02.mp4","apps/web/public/media/busuu/b2/c06/l05/B2-C06-L05-A02-S02.mp4","apps/web/content/busuu/b2-c06-l05.v1.json","visualSrc","Create an original silent video in a 16:9 frame for a Japanese learning scene. Teaching context: Recognise and read five thematic kanji.. Scene/action context: Recognise far character. Meaning for visual context only, never visible text: far. Use only the documented action/context; do not add curriculum events. Duration: 5 seconds (estimate; adjust for the documented action). Camera: Not specified in retained screen material. No exact opening pose/frame specified; establish from the documented scene context. No exact closing pose/frame specified; finish the documented action without adding events. All Japanese words, kanji, subtitles, translations, answer choices, captions and teaching labels are rendered by the app UI: generate no written text, no subtitles, no UI, no logos and no answer overlays. Generate no speech or audio track; the app supplies synthesized dialogue separately. Visual design and clothing are not fixed by the project; establish a consistent design within continuity group B2.C06.L05.A02, but do not treat different documented speakers as the same person. Do not copy source screenshots or branding.","B2 MEDIA QUEUE #0085 | Screen: B2.C06.L05.A02.S02 | Type: video | Save as: B2-C06-L05-A02-S02.mp4 | Destination: apps/web/public/media/busuu/b2/c06/l05/B2-C06-L05-A02-S02.mp4 | Source: apps/web/content/busuu/b2-c06-l05.v1.json | Target: screenId=B2.C06.L05.A02.S02, proposed visualSrc | Status: pending_generation | Renderer/schema and version compatibility prerequisites apply","high"
"86","pending_generation","B2.C06.L05.A02.S03","B2 > Flavour > Kanji: 客 観 光 遠 杯 > A02 > S03","B2","C06","L05","A02","S03","video","B2.C06.L05.A02","B2-C06-L05-A02-S03.mp4","apps/web/public/media/busuu/b2/c06/l05/B2-C06-L05-A02-S03.mp4","apps/web/content/busuu/b2-c06-l05.v1.json","visualSrc","Create an original silent video in a 16:9 frame for a Japanese learning scene. Teaching context: Recognise and read five thematic kanji.. Scene/action context: Combine distance, town and light. Meaning for visual context only, never visible text: I can see the lights of a distant town.. Use only the documented action/context; do not add curriculum events. Duration: 5 seconds (estimate; adjust for the documented action). Camera: Not specified in retained screen material. No exact opening pose/frame specified; establish from the documented scene context. No exact closing pose/frame specified; finish the documented action without adding events. All Japanese words, kanji, subtitles, translations, answer choices, captions and teaching labels are rendered by the app UI: generate no written text, no subtitles, no UI, no logos and no answer overlays. Generate no speech or audio track; the app supplies synthesized dialogue separately. Visual design and clothing are not fixed by the project; establish a consistent design within continuity group B2.C06.L05.A02, but do not treat different documented speakers as the same person. Do not copy source screenshots or branding.","B2 MEDIA QUEUE #0086 | Screen: B2.C06.L05.A02.S03 | Type: video | Save as: B2-C06-L05-A02-S03.mp4 | Destination: apps/web/public/media/busuu/b2/c06/l05/B2-C06-L05-A02-S03.mp4 | Source: apps/web/content/busuu/b2-c06-l05.v1.json | Target: screenId=B2.C06.L05.A02.S03, proposed visualSrc | Status: pending_generation | Renderer/schema and version compatibility prerequisites apply","high"
"87","pending_generation","B2.C06.L05.A02.S04","B2 > Flavour > Kanji: 客 観 光 遠 杯 > A02 > S04","B2","C06","L05","A02","S04","video","B2.C06.L05.A02","B2-C06-L05-A02-S04.mp4","apps/web/public/media/busuu/b2/c06/l05/B2-C06-L05-A02-S04.mp4","apps/web/content/busuu/b2-c06-l05.v1.json","visualSrc","Create an original silent video in a 16:9 frame for a Japanese learning scene. Teaching context: Recognise and read five thematic kanji.. Scene/action context: Combine excursion and tourist-attraction compounds. Meaning for visual context only, never visible text: We go to a tourist attraction on an excursion.. Use only the documented action/context; do not add curriculum events. Duration: 5 seconds (estimate; adjust for the documented action). Camera: Not specified in retained screen material. No exact opening pose/frame specified; establish from the documented scene context. No exact closing pose/frame specified; finish the documented action without adding events. All Japanese words, kanji, subtitles, translations, answer choices, captions and teaching labels are rendered by the app UI: generate no written text, no subtitles, no UI, no logos and no answer overlays. Generate no speech or audio track; the app supplies synthesized dialogue separately. Visual design and clothing are not fixed by the project; establish a consistent design within continuity group B2.C06.L05.A02, but do not treat different documented speakers as the same person. Do not copy source screenshots or branding.","B2 MEDIA QUEUE #0087 | Screen: B2.C06.L05.A02.S04 | Type: video | Save as: B2-C06-L05-A02-S04.mp4 | Destination: apps/web/public/media/busuu/b2/c06/l05/B2-C06-L05-A02-S04.mp4 | Source: apps/web/content/busuu/b2-c06-l05.v1.json | Target: screenId=B2.C06.L05.A02.S04, proposed visualSrc | Status: pending_generation | Renderer/schema and version compatibility prerequisites apply","high"
"88","pending_generation","B2.C06.L05.A02.S06","B2 > Flavour > Kanji: 客 観 光 遠 杯 > A02 > S06","B2","C06","L05","A02","S06","video","B2.C06.L05.A02","B2-C06-L05-A02-S06.mp4","apps/web/public/media/busuu/b2/c06/l05/B2-C06-L05-A02-S06.mp4","apps/web/content/busuu/b2-c06-l05.v1.json","visualSrc","Create an original silent video in a 16:9 frame for a Japanese learning scene. Teaching context: Recognise and read five thematic kanji.. Scene/action context: Recognise cup character. Meaning for visual context only, never visible text: cup; counter for cupfuls. Use only the documented action/context; do not add curriculum events. Duration: 5 seconds (estimate; adjust for the documented action). Camera: Not specified in retained screen material. No exact opening pose/frame specified; establish from the documented scene context. No exact closing pose/frame specified; finish the documented action without adding events. All Japanese words, kanji, subtitles, translations, answer choices, captions and teaching labels are rendered by the app UI: generate no written text, no subtitles, no UI, no logos and no answer overlays. Generate no speech or audio track; the app supplies synthesized dialogue separately. Visual design and clothing are not fixed by the project; establish a consistent design within continuity group B2.C06.L05.A02, but do not treat different documented speakers as the same person. Do not copy source screenshots or branding.","B2 MEDIA QUEUE #0088 | Screen: B2.C06.L05.A02.S06 | Type: video | Save as: B2-C06-L05-A02-S06.mp4 | Destination: apps/web/public/media/busuu/b2/c06/l05/B2-C06-L05-A02-S06.mp4 | Source: apps/web/content/busuu/b2-c06-l05.v1.json | Target: screenId=B2.C06.L05.A02.S06, proposed visualSrc | Status: pending_generation | Renderer/schema and version compatibility prerequisites apply","high"
"89","pending_generation","B2.C06.L05.A02.S08","B2 > Flavour > Kanji: 客 観 光 遠 杯 > A02 > S08","B2","C06","L05","A02","S08","video","B2.C06.L05.A02","B2-C06-L05-A02-S08.mp4","apps/web/public/media/busuu/b2/c06/l05/B2-C06-L05-A02-S08.mp4","apps/web/content/busuu/b2-c06-l05.v1.json","visualSrc","Create an original silent video in a 16:9 frame for a Japanese learning scene. Teaching context: Recognise and read five thematic kanji.. Scene/action context: Complete toast compound. Meaning for visual context only, never visible text: Let’s all make a toast.. Use only the documented action/context; do not add curriculum events. Duration: 5 seconds (estimate; adjust for the documented action). Camera: Not specified in retained screen material. No exact opening pose/frame specified; establish from the documented scene context. No exact closing pose/frame specified; finish the documented action without adding events. All Japanese words, kanji, subtitles, translations, answer choices, captions and teaching labels are rendered by the app UI: generate no written text, no subtitles, no UI, no logos and no answer overlays. Generate no speech or audio track; the app supplies synthesized dialogue separately. Visual design and clothing are not fixed by the project; establish a consistent design within continuity group B2.C06.L05.A02, but do not treat different documented speakers as the same person. Do not copy source screenshots or branding.","B2 MEDIA QUEUE #0089 | Screen: B2.C06.L05.A02.S08 | Type: video | Save as: B2-C06-L05-A02-S08.mp4 | Destination: apps/web/public/media/busuu/b2/c06/l05/B2-C06-L05-A02-S08.mp4 | Source: apps/web/content/busuu/b2-c06-l05.v1.json | Target: screenId=B2.C06.L05.A02.S08, proposed visualSrc | Status: pending_generation | Renderer/schema and version compatibility prerequisites apply","high"
"90","pending_generation","B2.C06.L05.A02.S09","B2 > Flavour > Kanji: 客 観 光 遠 杯 > A02 > S09","B2","C06","L05","A02","S09","video","B2.C06.L05.A02","B2-C06-L05-A02-S09.mp4","apps/web/public/media/busuu/b2/c06/l05/B2-C06-L05-A02-S09.mp4","apps/web/content/busuu/b2-c06-l05.v1.json","visualSrc","Create an original silent video in a 16:9 frame for a Japanese learning scene. Teaching context: Recognise and read five thematic kanji.. Scene/action context: Construct spectator and toast compounds with sports context. Meaning for visual context only, never visible text: The spectators made a toast after the match.. Use only the documented action/context; do not add curriculum events. Duration: 5 seconds (estimate; adjust for the documented action). Camera: Not specified in retained screen material. No exact opening pose/frame specified; establish from the documented scene context. No exact closing pose/frame specified; finish the documented action without adding events. All Japanese words, kanji, subtitles, translations, answer choices, captions and teaching labels are rendered by the app UI: generate no written text, no subtitles, no UI, no logos and no answer overlays. Generate no speech or audio track; the app supplies synthesized dialogue separately. Visual design and clothing are not fixed by the project; establish a consistent design within continuity group B2.C06.L05.A02, but do not treat different documented speakers as the same person. Do not copy source screenshots or branding.","B2 MEDIA QUEUE #0090 | Screen: B2.C06.L05.A02.S09 | Type: video | Save as: B2-C06-L05-A02-S09.mp4 | Destination: apps/web/public/media/busuu/b2/c06/l05/B2-C06-L05-A02-S09.mp4 | Source: apps/web/content/busuu/b2-c06-l05.v1.json | Target: screenId=B2.C06.L05.A02.S09, proposed visualSrc | Status: pending_generation | Renderer/schema and version compatibility prerequisites apply","high"
"91","pending_generation","B2.C06.L05.A02.S10","B2 > Flavour > Kanji: 客 観 光 遠 杯 > A02 > S10","B2","C06","L05","A02","S10","video","B2.C06.L05.A02","B2-C06-L05-A02-S10.mp4","apps/web/public/media/busuu/b2/c06/l05/B2-C06-L05-A02-S10.mp4","apps/web/content/busuu/b2-c06-l05.v1.json","visualSrc","Create an original silent video in a 16:9 frame for a Japanese learning scene. Teaching context: Recognise and read five thematic kanji.. Scene/action context: Combine distance, ease/difficulty, conditional/reason and tourist noun. Meaning for visual context only, never visible text: Places that are not far from the station are easy to reach, but distant places are hard to reach, so tourists choose nearby attractions.. Use only the documented action/context; do not add curriculum events. Duration: 9 seconds (estimate; adjust for the documented action). Camera: Not specified in retained screen material. No exact opening pose/frame specified; establish from the documented scene context. No exact closing pose/frame specified; finish the documented action without adding events. All Japanese words, kanji, subtitles, translations, answer choices, captions and teaching labels are rendered by the app UI: generate no written text, no subtitles, no UI, no logos and no answer overlays. Generate no speech or audio track; the app supplies synthesized dialogue separately. Visual design and clothing are not fixed by the project; establish a consistent design within continuity group B2.C06.L05.A02, but do not treat different documented speakers as the same person. Do not copy source screenshots or branding.","B2 MEDIA QUEUE #0091 | Screen: B2.C06.L05.A02.S10 | Type: video | Save as: B2-C06-L05-A02-S10.mp4 | Destination: apps/web/public/media/busuu/b2/c06/l05/B2-C06-L05-A02-S10.mp4 | Source: apps/web/content/busuu/b2-c06-l05.v1.json | Target: screenId=B2.C06.L05.A02.S10, proposed visualSrc | Status: pending_generation | Renderer/schema and version compatibility prerequisites apply","high"
"92","needs_review","B2.C06.L06.A01.S01","B2 > Flavour > Listening to a train announcement > A01 > S01","B2","C06","L06","A01","S01","ambiguous","B2.C06.L06.A01","B2-C06-L06-A01-S01.mp4","apps/web/public/media/busuu/b2/c06/l06/B2-C06-L06-A01-S01.mp4","apps/web/content/busuu/b2-c06-l06.v1.json","visualSrc","REVIEW REQUIRED; proposed video. Source describes video while runtime visual=none. Resolve the requirement before generating. After resolution: Create an original silent video in a 16:9 frame for a Japanese learning scene. Teaching context: Integrate chapter language in a transport announcement.. Scene/action context: Retrieve difficulty with distance. Meaning for visual context only, never visible text: The attraction is far from the station, so it is difficult to reach on foot.. Use only the documented action/context; do not add curriculum events. Duration: 5 seconds (estimate; adjust for the documented action). Camera: Not specified in retained screen material. No exact opening pose/frame specified; establish from the documented scene context. No exact closing pose/frame specified; finish the documented action without adding events. All Japanese words, kanji, subtitles, translations, answer choices, captions and teaching labels are rendered by the app UI: generate no written text, no subtitles, no UI, no logos and no answer overlays. Generate no speech or audio track; the app supplies synthesized dialogue separately. Visual design and clothing are not fixed by the project; establish a consistent design within continuity group B2.C06.L06.A01, but do not treat different documented speakers as the same person. Do not copy source screenshots or branding.","B2 MEDIA QUEUE #0092 | Screen: B2.C06.L06.A01.S01 | Type: ambiguous (proposed video) | Save as: B2-C06-L06-A01-S01.mp4 | Destination: apps/web/public/media/busuu/b2/c06/l06/B2-C06-L06-A01-S01.mp4 | Source: apps/web/content/busuu/b2-c06-l06.v1.json | Target: screenId=B2.C06.L06.A01.S01, proposed visualSrc | Status: needs_review | Renderer/schema and version compatibility prerequisites apply","medium"
"93","pending_generation","B2.C06.L06.A01.S02","B2 > Flavour > Listening to a train announcement > A01 > S02","B2","C06","L06","A01","S02","video","B2.C06.L06.A01.S02","B2-C06-L06-A01-S02.mp4","apps/web/public/media/busuu/b2/c06/l06/B2-C06-L06-A01-S02.mp4","apps/web/content/busuu/b2-c06-l06.v1.json","visualSrc","Create an original silent video in a 16:9 frame for a Japanese learning scene. Teaching context: Integrate chapter language in a transport announcement.. Scene/action context: Read/listen to two-speaker tourist-information advice. Use only the documented action/context; do not add curriculum events. Duration: 26 seconds (estimate; adjust for the documented action). Camera: Not specified in retained screen material. No exact opening pose/frame specified; establish from the documented scene context. No exact closing pose/frame specified; finish the documented action without adding events. All Japanese words, kanji, subtitles, translations, answer choices, captions and teaching labels are rendered by the app UI: generate no written text, no subtitles, no UI, no logos and no answer overlays. Generate no speech or audio track; the app supplies synthesized dialogue separately. Visual design and clothing are not fixed by the project; establish a consistent design within continuity group B2.C06.L06.A01.S02, but do not treat different documented speakers as the same person. Do not copy source screenshots or branding.","B2 MEDIA QUEUE #0093 | Screen: B2.C06.L06.A01.S02 | Type: video | Save as: B2-C06-L06-A01-S02.mp4 | Destination: apps/web/public/media/busuu/b2/c06/l06/B2-C06-L06-A01-S02.mp4 | Source: apps/web/content/busuu/b2-c06-l06.v1.json | Target: screenId=B2.C06.L06.A01.S02, proposed visualSrc | Status: pending_generation | Renderer/schema and version compatibility prerequisites apply","high"
"94","needs_review","B2.C06.L06.A01.S07","B2 > Flavour > Listening to a train announcement > A01 > S07","B2","C06","L06","A01","S07","ambiguous","B2.C06.L06.A01","B2-C06-L06-A01-S07.mp4","apps/web/public/media/busuu/b2/c06/l06/B2-C06-L06-A01-S07.mp4","apps/web/content/busuu/b2-c06-l06.v1.json","visualSrc","REVIEW REQUIRED; proposed video. Source describes video while runtime visual=none. Resolve the requirement before generating. After resolution: Create an original silent video in a 16:9 frame for a Japanese learning scene. Teaching context: Integrate chapter language in a transport announcement.. Scene/action context: Combine formal gender designation and honorific copula. Meaning for visual context only, never visible text: This is a women-only carriage.. Use only the documented action/context; do not add curriculum events. Duration: 5 seconds (estimate; adjust for the documented action). Camera: Not specified in retained screen material. No exact opening pose/frame specified; establish from the documented scene context. No exact closing pose/frame specified; finish the documented action without adding events. All Japanese words, kanji, subtitles, translations, answer choices, captions and teaching labels are rendered by the app UI: generate no written text, no subtitles, no UI, no logos and no answer overlays. Generate no speech or audio track; the app supplies synthesized dialogue separately. Visual design and clothing are not fixed by the project; establish a consistent design within continuity group B2.C06.L06.A01, but do not treat different documented speakers as the same person. Do not copy source screenshots or branding.","B2 MEDIA QUEUE #0094 | Screen: B2.C06.L06.A01.S07 | Type: ambiguous (proposed video) | Save as: B2-C06-L06-A01-S07.mp4 | Destination: apps/web/public/media/busuu/b2/c06/l06/B2-C06-L06-A01-S07.mp4 | Source: apps/web/content/busuu/b2-c06-l06.v1.json | Target: screenId=B2.C06.L06.A01.S07, proposed visualSrc | Status: needs_review | Renderer/schema and version compatibility prerequisites apply","medium"
"95","pending_generation","B2.C06.L06.A02.S01","B2 > Flavour > Listening to a train announcement > A02 > S01","B2","C06","L06","A02","S01","video","B2.C06.L06.A02.S01","B2-C06-L06-A02-S01.mp4","apps/web/public/media/busuu/b2/c06/l06/B2-C06-L06-A02-S01.mp4","apps/web/content/busuu/b2-c06-l06.v1.json","visualSrc","Create an original silent video in a 16:9 frame for a Japanese learning scene. Teaching context: Integrate chapter language in a transport announcement.. Scene/action context: Read/listen to complete rail announcement. Use only the documented action/context; do not add curriculum events. Duration: 18 seconds (estimate; adjust for the documented action). Camera: Not specified in retained screen material. No exact opening pose/frame specified; establish from the documented scene context. No exact closing pose/frame specified; finish the documented action without adding events. All Japanese words, kanji, subtitles, translations, answer choices, captions and teaching labels are rendered by the app UI: generate no written text, no subtitles, no UI, no logos and no answer overlays. Generate no speech or audio track; the app supplies synthesized dialogue separately. Visual design and clothing are not fixed by the project; establish a consistent design within continuity group B2.C06.L06.A02.S01, but do not treat different documented speakers as the same person. Do not copy source screenshots or branding.","B2 MEDIA QUEUE #0095 | Screen: B2.C06.L06.A02.S01 | Type: video | Save as: B2-C06-L06-A02-S01.mp4 | Destination: apps/web/public/media/busuu/b2/c06/l06/B2-C06-L06-A02-S01.mp4 | Source: apps/web/content/busuu/b2-c06-l06.v1.json | Target: screenId=B2.C06.L06.A02.S01, proposed visualSrc | Status: pending_generation | Renderer/schema and version compatibility prerequisites apply","high"
"96","needs_review","B2.C06.L06.A02.S04","B2 > Flavour > Listening to a train announcement > A02 > S04","B2","C06","L06","A02","S04","ambiguous","B2.C06.L06.A02.S01","B2-C06-L06-A02-S04.mp4","apps/web/public/media/busuu/b2/c06/l06/B2-C06-L06-A02-S04.mp4","apps/web/content/busuu/b2-c06-l06.v1.json","visualSrc","REVIEW REQUIRED; proposed video. Source describes video while runtime visual=none. Resolve the requirement before generating. After resolution: Create an original silent video in a 16:9 frame for a Japanese learning scene. Teaching context: Integrate chapter language in a transport announcement.. Scene/action context: Combine guest-address prefix/suffix and caution prefix. Meaning for visual context only, never visible text: Passengers, please watch your step.. Use only the documented action/context; do not add curriculum events. Duration: 18 seconds (estimate; adjust for the documented action). Camera: Not specified in retained screen material. No exact opening pose/frame specified; establish from the documented scene context. No exact closing pose/frame specified; finish the documented action without adding events. All Japanese words, kanji, subtitles, translations, answer choices, captions and teaching labels are rendered by the app UI: generate no written text, no subtitles, no UI, no logos and no answer overlays. Generate no speech or audio track; the app supplies synthesized dialogue separately. Visual design and clothing are not fixed by the project; establish a consistent design within continuity group B2.C06.L06.A02.S01, but do not treat different documented speakers as the same person. Do not copy source screenshots or branding.","B2 MEDIA QUEUE #0096 | Screen: B2.C06.L06.A02.S04 | Type: ambiguous (proposed video) | Save as: B2-C06-L06-A02-S04.mp4 | Destination: apps/web/public/media/busuu/b2/c06/l06/B2-C06-L06-A02-S04.mp4 | Source: apps/web/content/busuu/b2-c06-l06.v1.json | Target: screenId=B2.C06.L06.A02.S04, proposed visualSrc | Status: needs_review | Renderer/schema and version compatibility prerequisites apply","medium"
"97","pending_generation","B2.C07.L01.A01.S01","B2 > Recommendations > Talking about newly completed things > A01 > S01","B2","C07","L01","A01","S01","video","B2.C07.L01.A01","B2-C07-L01-A01-S01.mp4","apps/web/public/media/busuu/b2/c07/l01/B2-C07-L01-A01-S01.mp4","apps/web/content/busuu/b2-c07-l01.v1.json","visualSrc","Create an original silent video in a 16:9 frame for a Japanese learning scene. Teaching context: Use for newly completed things.. Scene/action context: Retrieve ability meaning and masu stem. Meaning for visual context only, never visible text: I can use Japanese.. Use only the documented action/context; do not add curriculum events. Duration: 5 seconds (estimate; adjust for the documented action). Camera: Not specified in retained screen material. No exact opening pose/frame specified; establish from the documented scene context. No exact closing pose/frame specified; finish the documented action without adding events. All Japanese words, kanji, subtitles, translations, answer choices, captions and teaching labels are rendered by the app UI: generate no written text, no subtitles, no UI, no logos and no answer overlays. Generate no speech or audio track; the app supplies synthesized dialogue separately. Visual design and clothing are not fixed by the project; establish a consistent design within continuity group B2.C07.L01.A01, but do not treat different documented speakers as the same person. Do not copy source screenshots or branding.","B2 MEDIA QUEUE #0097 | Screen: B2.C07.L01.A01.S01 | Type: video | Save as: B2-C07-L01-A01-S01.mp4 | Destination: apps/web/public/media/busuu/b2/c07/l01/B2-C07-L01-A01-S01.mp4 | Source: apps/web/content/busuu/b2-c07-l01.v1.json | Target: screenId=B2.C07.L01.A01.S01, proposed visualSrc | Status: pending_generation | Renderer/schema and version compatibility prerequisites apply","high"
"98","pending_generation","B2.C07.L01.A01.S02","B2 > Recommendations > Talking about newly completed things > A01 > S02","B2","C07","L01","A01","S02","video","B2.C07.L01.A01","B2-C07-L01-A01-S02.mp4","apps/web/public/media/busuu/b2/c07/l01/B2-C07-L01-A01-S02.mp4","apps/web/content/busuu/b2-c07-l01.v1.json","visualSrc","Create an original silent video in a 16:9 frame for a Japanese learning scene. Teaching context: Use for newly completed things.. Scene/action context: New shop completion model. Meaning for visual context only, never visible text: A new shop has been built in front of the station.. Use only the documented action/context; do not add curriculum events. Duration: 5 seconds (estimate; adjust for the documented action). Camera: Not specified in retained screen material. No exact opening pose/frame specified; establish from the documented scene context. No exact closing pose/frame specified; finish the documented action without adding events. All Japanese words, kanji, subtitles, translations, answer choices, captions and teaching labels are rendered by the app UI: generate no written text, no subtitles, no UI, no logos and no answer overlays. Generate no speech or audio track; the app supplies synthesized dialogue separately. Visual design and clothing are not fixed by the project; establish a consistent design within continuity group B2.C07.L01.A01, but do not treat different documented speakers as the same person. Do not copy source screenshots or branding.","B2 MEDIA QUEUE #0098 | Screen: B2.C07.L01.A01.S02 | Type: video | Save as: B2-C07-L01-A01-S02.mp4 | Destination: apps/web/public/media/busuu/b2/c07/l01/B2-C07-L01-A01-S02.mp4 | Source: apps/web/content/busuu/b2-c07-l01.v1.json | Target: screenId=B2.C07.L01.A01.S02, proposed visualSrc | Status: pending_generation | Renderer/schema and version compatibility prerequisites apply","high"
"99","pending_generation","B2.C07.L01.A01.S03","B2 > Recommendations > Talking about newly completed things > A01 > S03","B2","C07","L01","A01","S03","video","B2.C07.L01.A01","B2-C07-L01-A01-S03.mp4","apps/web/public/media/busuu/b2/c07/l01/B2-C07-L01-A01-S03.mp4","apps/web/content/busuu/b2-c07-l01.v1.json","visualSrc","Create an original silent video in a 16:9 frame for a Japanese learning scene. Teaching context: Use for newly completed things.. Scene/action context: Choose created/new-place sense. Meaning for visual context only, never visible text: A new park has been built in the town.. Use only the documented action/context; do not add curriculum events. Duration: 5 seconds (estimate; adjust for the documented action). Camera: Not specified in retained screen material. No exact opening pose/frame specified; establish from the documented scene context. No exact closing pose/frame specified; finish the documented action without adding events. All Japanese words, kanji, subtitles, translations, answer choices, captions and teaching labels are rendered by the app UI: generate no written text, no subtitles, no UI, no logos and no answer overlays. Generate no speech or audio track; the app supplies synthesized dialogue separately. Visual design and clothing are not fixed by the project; establish a consistent design within continuity group B2.C07.L01.A01, but do not treat different documented speakers as the same person. Do not copy source screenshots or branding.","B2 MEDIA QUEUE #0099 | Screen: B2.C07.L01.A01.S03 | Type: video | Save as: B2-C07-L01-A01-S03.mp4 | Destination: apps/web/public/media/busuu/b2/c07/l01/B2-C07-L01-A01-S03.mp4 | Source: apps/web/content/busuu/b2-c07-l01.v1.json | Target: screenId=B2.C07.L01.A01.S03, proposed visualSrc | Status: pending_generation | Renderer/schema and version compatibility prerequisites apply","high"
"100","pending_generation","B2.C07.L01.A01.S05","B2 > Recommendations > Talking about newly completed things > A01 > S05","B2","C07","L01","A01","S05","video","B2.C07.L01.A01","B2-C07-L01-A01-S05.mp4","apps/web/public/media/busuu/b2/c07/l01/B2-C07-L01-A01-S05.mp4","apps/web/content/busuu/b2-c07-l01.v1.json","visualSrc","Create an original silent video in a 16:9 frame for a Japanese learning scene. Teaching context: Use for newly completed things.. Scene/action context: New place with hearsay. Use only the documented action/context; do not add curriculum events. Duration: 5 seconds (estimate; adjust for the documented action). Camera: Not specified in retained screen material. No exact opening pose/frame specified; establish from the documented scene context. No exact closing pose/frame specified; finish the documented action without adding events. All Japanese words, kanji, subtitles, translations, answer choices, captions and teaching labels are rendered by the app UI: generate no written text, no subtitles, no UI, no logos and no answer overlays. Generate no speech or audio track; the app supplies synthesized dialogue separately. Visual design and clothing are not fixed by the project; establish a consistent design within continuity group B2.C07.L01.A01, but do not treat different documented speakers as the same person. Do not copy source screenshots or branding.","B2 MEDIA QUEUE #0100 | Screen: B2.C07.L01.A01.S05 | Type: video | Save as: B2-C07-L01-A01-S05.mp4 | Destination: apps/web/public/media/busuu/b2/c07/l01/B2-C07-L01-A01-S05.mp4 | Source: apps/web/content/busuu/b2-c07-l01.v1.json | Target: screenId=B2.C07.L01.A01.S05, proposed visualSrc | Status: pending_generation | Renderer/schema and version compatibility prerequisites apply","high"
"101","pending_generation","B2.C07.L01.A01.S06","B2 > Recommendations > Talking about newly completed things > A01 > S06","B2","C07","L01","A01","S06","video","B2.C07.L01.A01","B2-C07-L01-A01-S06.mp4","apps/web/public/media/busuu/b2/c07/l01/B2-C07-L01-A01-S06.mp4","apps/web/content/busuu/b2-c07-l01.v1.json","visualSrc","Create an original silent video in a 16:9 frame for a Japanese learning scene. Teaching context: Use for newly completed things.. Scene/action context: Construct te form linking resulting convenience. Meaning for visual context only, never visible text: A shop opened nearby, and things became more convenient.. Use only the documented action/context; do not add curriculum events. Duration: 5 seconds (estimate; adjust for the documented action). Camera: Not specified in retained screen material. No exact opening pose/frame specified; establish from the documented scene context. No exact closing pose/frame specified; finish the documented action without adding events. All Japanese words, kanji, subtitles, translations, answer choices, captions and teaching labels are rendered by the app UI: generate no written text, no subtitles, no UI, no logos and no answer overlays. Generate no speech or audio track; the app supplies synthesized dialogue separately. Visual design and clothing are not fixed by the project; establish a consistent design within continuity group B2.C07.L01.A01, but do not treat different documented speakers as the same person. Do not copy source screenshots or branding.","B2 MEDIA QUEUE #0101 | Screen: B2.C07.L01.A01.S06 | Type: video | Save as: B2-C07-L01-A01-S06.mp4 | Destination: apps/web/public/media/busuu/b2/c07/l01/B2-C07-L01-A01-S06.mp4 | Source: apps/web/content/busuu/b2-c07-l01.v1.json | Target: screenId=B2.C07.L01.A01.S06, proposed visualSrc | Status: pending_generation | Renderer/schema and version compatibility prerequisites apply","high"
"102","pending_generation","B2.C07.L01.A01.S07","B2 > Recommendations > Talking about newly completed things > A01 > S07","B2","C07","L01","A01","S07","video","B2.C07.L01.A01","B2-C07-L01-A01-S07.mp4","apps/web/public/media/busuu/b2/c07/l01/B2-C07-L01-A01-S07.mp4","apps/web/content/busuu/b2-c07-l01.v1.json","visualSrc","Create an original silent video in a 16:9 frame for a Japanese learning scene. Teaching context: Use for newly completed things.. Scene/action context: Interpret new relationship. Use only the documented action/context; do not add curriculum events. Duration: 5 seconds (estimate; adjust for the documented action). Camera: Not specified in retained screen material. No exact opening pose/frame specified; establish from the documented scene context. No exact closing pose/frame specified; finish the documented action without adding events. All Japanese words, kanji, subtitles, translations, answer choices, captions and teaching labels are rendered by the app UI: generate no written text, no subtitles, no UI, no logos and no answer overlays. Generate no speech or audio track; the app supplies synthesized dialogue separately. Visual design and clothing are not fixed by the project; establish a consistent design within continuity group B2.C07.L01.A01, but do not treat different documented speakers as the same person. Do not copy source screenshots or branding.","B2 MEDIA QUEUE #0102 | Screen: B2.C07.L01.A01.S07 | Type: video | Save as: B2-C07-L01-A01-S07.mp4 | Destination: apps/web/public/media/busuu/b2/c07/l01/B2-C07-L01-A01-S07.mp4 | Source: apps/web/content/busuu/b2-c07-l01.v1.json | Target: screenId=B2.C07.L01.A01.S07, proposed visualSrc | Status: pending_generation | Renderer/schema and version compatibility prerequisites apply","high"
"103","pending_generation","B2.C07.L01.A01.S08","B2 > Recommendations > Talking about newly completed things > A01 > S08","B2","C07","L01","A01","S08","video","B2.C07.L01.A01","B2-C07-L01-A01-S08.mp4","apps/web/public/media/busuu/b2/c07/l01/B2-C07-L01-A01-S08.mp4","apps/web/content/busuu/b2-c07-l01.v1.json","visualSrc","Create an original silent video in a 16:9 frame for a Japanese learning scene. Teaching context: Use for newly completed things.. Scene/action context: Nominalise making friends. Meaning for visual context only, never visible text: It makes me happy to make friends at my new school.. Use only the documented action/context; do not add curriculum events. Duration: 5 seconds (estimate; adjust for the documented action). Camera: Not specified in retained screen material. No exact opening pose/frame specified; establish from the documented scene context. No exact closing pose/frame specified; finish the documented action without adding events. All Japanese words, kanji, subtitles, translations, answer choices, captions and teaching labels are rendered by the app UI: generate no written text, no subtitles, no UI, no logos and no answer overlays. Generate no speech or audio track; the app supplies synthesized dialogue separately. Visual design and clothing are not fixed by the project; establish a consistent design within continuity group B2.C07.L01.A01, but do not treat different documented speakers as the same person. Do not copy source screenshots or branding.","B2 MEDIA QUEUE #0103 | Screen: B2.C07.L01.A01.S08 | Type: video | Save as: B2-C07-L01-A01-S08.mp4 | Destination: apps/web/public/media/busuu/b2/c07/l01/B2-C07-L01-A01-S08.mp4 | Source: apps/web/content/busuu/b2-c07-l01.v1.json | Target: screenId=B2.C07.L01.A01.S08, proposed visualSrc | Status: pending_generation | Renderer/schema and version compatibility prerequisites apply","high"
"104","pending_generation","B2.C07.L01.A01.S09","B2 > Recommendations > Talking about newly completed things > A01 > S09","B2","C07","L01","A01","S09","video","B2.C07.L01.A01","B2-C07-L01-A01-S09.mp4","apps/web/public/media/busuu/b2/c07/l01/B2-C07-L01-A01-S09.mp4","apps/web/content/busuu/b2-c07-l01.v1.json","visualSrc","Create an original silent video in a 16:9 frame for a Japanese learning scene. Teaching context: Use for newly completed things.. Scene/action context: Use past completion as noun modifier. Meaning for visual context only, never visible text: I ate lunch at the new shop built in front of the station last month.. Use only the documented action/context; do not add curriculum events. Duration: 5 seconds (estimate; adjust for the documented action). Camera: Not specified in retained screen material. No exact opening pose/frame specified; establish from the documented scene context. No exact closing pose/frame specified; finish the documented action without adding events. All Japanese words, kanji, subtitles, translations, answer choices, captions and teaching labels are rendered by the app UI: generate no written text, no subtitles, no UI, no logos and no answer overlays. Generate no speech or audio track; the app supplies synthesized dialogue separately. Visual design and clothing are not fixed by the project; establish a consistent design within continuity group B2.C07.L01.A01, but do not treat different documented speakers as the same person. Do not copy source screenshots or branding.","B2 MEDIA QUEUE #0104 | Screen: B2.C07.L01.A01.S09 | Type: video | Save as: B2-C07-L01-A01-S09.mp4 | Destination: apps/web/public/media/busuu/b2/c07/l01/B2-C07-L01-A01-S09.mp4 | Source: apps/web/content/busuu/b2-c07-l01.v1.json | Target: screenId=B2.C07.L01.A01.S09, proposed visualSrc | Status: pending_generation | Renderer/schema and version compatibility prerequisites apply","high"
"105","pending_generation","B2.C07.L01.A01.S10","B2 > Recommendations > Talking about newly completed things > A01 > S10","B2","C07","L01","A01","S10","video","B2.C07.L01.A01","B2-C07-L01-A01-S10.mp4","apps/web/public/media/busuu/b2/c07/l01/B2-C07-L01-A01-S10.mp4","apps/web/content/busuu/b2-c07-l01.v1.json","visualSrc","Create an original silent video in a 16:9 frame for a Japanese learning scene. Teaching context: Use for newly completed things.. Scene/action context: Link grown produce to tasting invitation. Meaning for visual context only, never visible text: Would you like to try the tomatoes grown in the field?. Use only the documented action/context; do not add curriculum events. Duration: 5 seconds (estimate; adjust for the documented action). Camera: Not specified in retained screen material. No exact opening pose/frame specified; establish from the documented scene context. No exact closing pose/frame specified; finish the documented action without adding events. All Japanese words, kanji, subtitles, translations, answer choices, captions and teaching labels are rendered by the app UI: generate no written text, no subtitles, no UI, no logos and no answer overlays. Generate no speech or audio track; the app supplies synthesized dialogue separately. Visual design and clothing are not fixed by the project; establish a consistent design within continuity group B2.C07.L01.A01, but do not treat different documented speakers as the same person. Do not copy source screenshots or branding.","B2 MEDIA QUEUE #0105 | Screen: B2.C07.L01.A01.S10 | Type: video | Save as: B2-C07-L01-A01-S10.mp4 | Destination: apps/web/public/media/busuu/b2/c07/l01/B2-C07-L01-A01-S10.mp4 | Source: apps/web/content/busuu/b2-c07-l01.v1.json | Target: screenId=B2.C07.L01.A01.S10, proposed visualSrc | Status: pending_generation | Renderer/schema and version compatibility prerequisites apply","high"
"106","pending_generation","B2.C07.L01.A02.S01","B2 > Recommendations > Talking about newly completed things > A02 > S01","B2","C07","L01","A02","S01","video","B2.C07.L01.A02","B2-C07-L01-A02-S01.mp4","apps/web/public/media/busuu/b2/c07/l01/B2-C07-L01-A02-S01.mp4","apps/web/content/busuu/b2-c07-l01.v1.json","visualSrc","Create an original silent video in a 16:9 frame for a Japanese learning scene. Teaching context: Use for newly completed things.. Scene/action context: Ready versus ended. Meaning for visual context only, never visible text: The meal is ready. Let’s eat.. Use only the documented action/context; do not add curriculum events. Duration: 5 seconds (estimate; adjust for the documented action). Camera: Not specified in retained screen material. No exact opening pose/frame specified; establish from the documented scene context. No exact closing pose/frame specified; finish the documented action without adding events. All Japanese words, kanji, subtitles, translations, answer choices, captions and teaching labels are rendered by the app UI: generate no written text, no subtitles, no UI, no logos and no answer overlays. Generate no speech or audio track; the app supplies synthesized dialogue separately. Visual design and clothing are not fixed by the project; establish a consistent design within continuity group B2.C07.L01.A02, but do not treat different documented speakers as the same person. Do not copy source screenshots or branding.","B2 MEDIA QUEUE #0106 | Screen: B2.C07.L01.A02.S01 | Type: video | Save as: B2-C07-L01-A02-S01.mp4 | Destination: apps/web/public/media/busuu/b2/c07/l01/B2-C07-L01-A02-S01.mp4 | Source: apps/web/content/busuu/b2-c07-l01.v1.json | Target: screenId=B2.C07.L01.A02.S01, proposed visualSrc | Status: pending_generation | Renderer/schema and version compatibility prerequisites apply","high"
"107","pending_generation","B2.C07.L01.A02.S03","B2 > Recommendations > Talking about newly completed things > A02 > S03","B2","C07","L01","A02","S03","video","B2.C07.L01.A02","B2-C07-L01-A02-S03.mp4","apps/web/public/media/busuu/b2/c07/l01/B2-C07-L01-A02-S03.mp4","apps/web/content/busuu/b2-c07-l01.v1.json","visualSrc","Create an original silent video in a 16:9 frame for a Japanese learning scene. Teaching context: Use for newly completed things.. Scene/action context: Homework readiness condition. Use only the documented action/context; do not add curriculum events. Duration: 5 seconds (estimate; adjust for the documented action). Camera: Not specified in retained screen material. No exact opening pose/frame specified; establish from the documented scene context. No exact closing pose/frame specified; finish the documented action without adding events. All Japanese words, kanji, subtitles, translations, answer choices, captions and teaching labels are rendered by the app UI: generate no written text, no subtitles, no UI, no logos and no answer overlays. Generate no speech or audio track; the app supplies synthesized dialogue separately. Visual design and clothing are not fixed by the project; establish a consistent design within continuity group B2.C07.L01.A02, but do not treat different documented speakers as the same person. Do not copy source screenshots or branding.","B2 MEDIA QUEUE #0107 | Screen: B2.C07.L01.A02.S03 | Type: video | Save as: B2-C07-L01-A02-S03.mp4 | Destination: apps/web/public/media/busuu/b2/c07/l01/B2-C07-L01-A02-S03.mp4 | Source: apps/web/content/busuu/b2-c07-l01.v1.json | Target: screenId=B2.C07.L01.A02.S03, proposed visualSrc | Status: pending_generation | Renderer/schema and version compatibility prerequisites apply","high"
"108","pending_generation","B2.C07.L01.A02.S04","B2 > Recommendations > Talking about newly completed things > A02 > S04","B2","C07","L01","A02","S04","video","B2.C07.L01.A02","B2-C07-L01-A02-S04.mp4","apps/web/public/media/busuu/b2/c07/l01/B2-C07-L01-A02-S04.mp4","apps/web/content/busuu/b2-c07-l01.v1.json","visualSrc","Create an original silent video in a 16:9 frame for a Japanese learning scene. Teaching context: Use for newly completed things.. Scene/action context: Compare meal readiness speed. Use only the documented action/context; do not add curriculum events. Duration: 5 seconds (estimate; adjust for the documented action). Camera: Not specified in retained screen material. No exact opening pose/frame specified; establish from the documented scene context. No exact closing pose/frame specified; finish the documented action without adding events. All Japanese words, kanji, subtitles, translations, answer choices, captions and teaching labels are rendered by the app UI: generate no written text, no subtitles, no UI, no logos and no answer overlays. Generate no speech or audio track; the app supplies synthesized dialogue separately. Visual design and clothing are not fixed by the project; establish a consistent design within continuity group B2.C07.L01.A02, but do not treat different documented speakers as the same person. Do not copy source screenshots or branding.","B2 MEDIA QUEUE #0108 | Screen: B2.C07.L01.A02.S04 | Type: video | Save as: B2-C07-L01-A02-S04.mp4 | Destination: apps/web/public/media/busuu/b2/c07/l01/B2-C07-L01-A02-S04.mp4 | Source: apps/web/content/busuu/b2-c07-l01.v1.json | Target: screenId=B2.C07.L01.A02.S04, proposed visualSrc | Status: pending_generation | Renderer/schema and version compatibility prerequisites apply","high"
"109","pending_generation","B2.C07.L01.A02.S06","B2 > Recommendations > Talking about newly completed things > A02 > S06","B2","C07","L01","A02","S06","video","B2.C07.L01.A02","B2-C07-L01-A02-S06.mp4","apps/web/public/media/busuu/b2/c07/l01/B2-C07-L01-A02-S06.mp4","apps/web/content/busuu/b2-c07-l01.v1.json","visualSrc","Create an original silent video in a 16:9 frame for a Japanese learning scene. Teaching context: Use for newly completed things.. Scene/action context: Noun conditional and timed readiness. Meaning for visual context only, never visible text: If it’s soba, it will be ready in five minutes.. Use only the documented action/context; do not add curriculum events. Duration: 5 seconds (estimate; adjust for the documented action). Camera: Not specified in retained screen material. No exact opening pose/frame specified; establish from the documented scene context. No exact closing pose/frame specified; finish the documented action without adding events. All Japanese words, kanji, subtitles, translations, answer choices, captions and teaching labels are rendered by the app UI: generate no written text, no subtitles, no UI, no logos and no answer overlays. Generate no speech or audio track; the app supplies synthesized dialogue separately. Visual design and clothing are not fixed by the project; establish a consistent design within continuity group B2.C07.L01.A02, but do not treat different documented speakers as the same person. Do not copy source screenshots or branding.","B2 MEDIA QUEUE #0109 | Screen: B2.C07.L01.A02.S06 | Type: video | Save as: B2-C07-L01-A02-S06.mp4 | Destination: apps/web/public/media/busuu/b2/c07/l01/B2-C07-L01-A02-S06.mp4 | Source: apps/web/content/busuu/b2-c07-l01.v1.json | Target: screenId=B2.C07.L01.A02.S06, proposed visualSrc | Status: pending_generation | Renderer/schema and version compatibility prerequisites apply","high"
"110","pending_generation","B2.C07.L01.A02.S07","B2 > Recommendations > Talking about newly completed things > A02 > S07","B2","C07","L01","A02","S07","video","B2.C07.L01.A02","B2-C07-L01-A02-S07.mp4","apps/web/public/media/busuu/b2/c07/l01/B2-C07-L01-A02-S07.mp4","apps/web/content/busuu/b2-c07-l01.v1.json","visualSrc","Create an original silent video in a 16:9 frame for a Japanese learning scene. Teaching context: Use for newly completed things.. Scene/action context: Readiness question with when. Meaning for visual context only, never visible text: When will the soba be ready?. Use only the documented action/context; do not add curriculum events. Duration: 5 seconds (estimate; adjust for the documented action). Camera: Not specified in retained screen material. No exact opening pose/frame specified; establish from the documented scene context. No exact closing pose/frame specified; finish the documented action without adding events. All Japanese words, kanji, subtitles, translations, answer choices, captions and teaching labels are rendered by the app UI: generate no written text, no subtitles, no UI, no logos and no answer overlays. Generate no speech or audio track; the app supplies synthesized dialogue separately. Visual design and clothing are not fixed by the project; establish a consistent design within continuity group B2.C07.L01.A02, but do not treat different documented speakers as the same person. Do not copy source screenshots or branding.","B2 MEDIA QUEUE #0110 | Screen: B2.C07.L01.A02.S07 | Type: video | Save as: B2-C07-L01-A02-S07.mp4 | Destination: apps/web/public/media/busuu/b2/c07/l01/B2-C07-L01-A02-S07.mp4 | Source: apps/web/content/busuu/b2-c07-l01.v1.json | Target: screenId=B2.C07.L01.A02.S07, proposed visualSrc | Status: pending_generation | Renderer/schema and version compatibility prerequisites apply","high"
"111","pending_generation","B2.C07.L01.A02.S08","B2 > Recommendations > Talking about newly completed things > A02 > S08","B2","C07","L01","A02","S08","video","B2.C07.L01.A02","B2-C07-L01-A02-S08.mp4","apps/web/public/media/busuu/b2/c07/l01/B2-C07-L01-A02-S08.mp4","apps/web/content/busuu/b2-c07-l01.v1.json","visualSrc","Create an original silent video in a 16:9 frame for a Japanese learning scene. Teaching context: Use for newly completed things.. Scene/action context: Preparation ready plus conditional departure. Meaning for visual context only, never visible text: Let’s go out when the preparations are ready.. Use only the documented action/context; do not add curriculum events. Duration: 5 seconds (estimate; adjust for the documented action). Camera: Not specified in retained screen material. No exact opening pose/frame specified; establish from the documented scene context. No exact closing pose/frame specified; finish the documented action without adding events. All Japanese words, kanji, subtitles, translations, answer choices, captions and teaching labels are rendered by the app UI: generate no written text, no subtitles, no UI, no logos and no answer overlays. Generate no speech or audio track; the app supplies synthesized dialogue separately. Visual design and clothing are not fixed by the project; establish a consistent design within continuity group B2.C07.L01.A02, but do not treat different documented speakers as the same person. Do not copy source screenshots or branding.","B2 MEDIA QUEUE #0111 | Screen: B2.C07.L01.A02.S08 | Type: video | Save as: B2-C07-L01-A02-S08.mp4 | Destination: apps/web/public/media/busuu/b2/c07/l01/B2-C07-L01-A02-S08.mp4 | Source: apps/web/content/busuu/b2-c07-l01.v1.json | Target: screenId=B2.C07.L01.A02.S08, proposed visualSrc | Status: pending_generation | Renderer/schema and version compatibility prerequisites apply","high"
"112","pending_generation","B2.C07.L02.A01.S01","B2 > Recommendations > Double particles > A01 > S01","B2","C07","L02","A01","S01","video","B2.C07.L02.A01","B2-C07-L02-A01-S01.mp4","apps/web/public/media/busuu/b2/c07/l02/B2-C07-L02-A01-S01.mp4","apps/web/content/busuu/b2-c07-l02.v1.json","visualSrc","Create an original silent video in a 16:9 frame for a Japanese learning scene. Teaching context: Use combined particles and their emphasis.. Scene/action context: Location plus ha. Use only the documented action/context; do not add curriculum events. Duration: 5 seconds (estimate; adjust for the documented action). Camera: Not specified in retained screen material. No exact opening pose/frame specified; establish from the documented scene context. No exact closing pose/frame specified; finish the documented action without adding events. All Japanese words, kanji, subtitles, translations, answer choices, captions and teaching labels are rendered by the app UI: generate no written text, no subtitles, no UI, no logos and no answer overlays. Generate no speech or audio track; the app supplies synthesized dialogue separately. Visual design and clothing are not fixed by the project; establish a consistent design within continuity group B2.C07.L02.A01, but do not treat different documented speakers as the same person. Do not copy source screenshots or branding.","B2 MEDIA QUEUE #0112 | Screen: B2.C07.L02.A01.S01 | Type: video | Save as: B2-C07-L02-A01-S01.mp4 | Destination: apps/web/public/media/busuu/b2/c07/l02/B2-C07-L02-A01-S01.mp4 | Source: apps/web/content/busuu/b2-c07-l02.v1.json | Target: screenId=B2.C07.L02.A01.S01, proposed visualSrc | Status: pending_generation | Renderer/schema and version compatibility prerequisites apply","high"
"113","pending_generation","B2.C07.L02.A01.S03","B2 > Recommendations > Double particles > A01 > S03","B2","C07","L02","A01","S03","video","B2.C07.L02.A01","B2-C07-L02-A01-S03.mp4","apps/web/public/media/busuu/b2/c07/l02/B2-C07-L02-A01-S03.mp4","apps/web/content/busuu/b2-c07-l02.v1.json","visualSrc","Create an original silent video in a 16:9 frame for a Japanese learning scene. Teaching context: Use combined particles and their emphasis.. Scene/action context: Infer contrasting transport possibilities. Use only the documented action/context; do not add curriculum events. Duration: 5 seconds (estimate; adjust for the documented action). Camera: Not specified in retained screen material. No exact opening pose/frame specified; establish from the documented scene context. No exact closing pose/frame specified; finish the documented action without adding events. All Japanese words, kanji, subtitles, translations, answer choices, captions and teaching labels are rendered by the app UI: generate no written text, no subtitles, no UI, no logos and no answer overlays. Generate no speech or audio track; the app supplies synthesized dialogue separately. Visual design and clothing are not fixed by the project; establish a consistent design within continuity group B2.C07.L02.A01, but do not treat different documented speakers as the same person. Do not copy source screenshots or branding.","B2 MEDIA QUEUE #0113 | Screen: B2.C07.L02.A01.S03 | Type: video | Save as: B2-C07-L02-A01-S03.mp4 | Destination: apps/web/public/media/busuu/b2/c07/l02/B2-C07-L02-A01-S03.mp4 | Source: apps/web/content/busuu/b2-c07-l02.v1.json | Target: screenId=B2.C07.L02.A01.S03, proposed visualSrc | Status: pending_generation | Renderer/schema and version compatibility prerequisites apply","high"
"114","pending_generation","B2.C07.L02.A01.S04","B2 > Recommendations > Double particles > A01 > S04","B2","C07","L02","A01","S04","video","B2.C07.L02.A01","B2-C07-L02-A01-S04.mp4","apps/web/public/media/busuu/b2/c07/l02/B2-C07-L02-A01-S04.mp4","apps/web/content/busuu/b2-c07-l02.v1.json","visualSrc","Create an original silent video in a 16:9 frame for a Japanese learning scene. Teaching context: Use combined particles and their emphasis.. Scene/action context: Time ni plus ha. Meaning for visual context only, never visible text: This shop will be closed by eight o’clock.. Use only the documented action/context; do not add curriculum events. Duration: 5 seconds (estimate; adjust for the documented action). Camera: Not specified in retained screen material. No exact opening pose/frame specified; establish from the documented scene context. No exact closing pose/frame specified; finish the documented action without adding events. All Japanese words, kanji, subtitles, translations, answer choices, captions and teaching labels are rendered by the app UI: generate no written text, no subtitles, no UI, no logos and no answer overlays. Generate no speech or audio track; the app supplies synthesized dialogue separately. Visual design and clothing are not fixed by the project; establish a consistent design within continuity group B2.C07.L02.A01, but do not treat different documented speakers as the same person. Do not copy source screenshots or branding.","B2 MEDIA QUEUE #0114 | Screen: B2.C07.L02.A01.S04 | Type: video | Save as: B2-C07-L02-A01-S04.mp4 | Destination: apps/web/public/media/busuu/b2/c07/l02/B2-C07-L02-A01-S04.mp4 | Source: apps/web/content/busuu/b2-c07-l02.v1.json | Target: screenId=B2.C07.L02.A01.S04, proposed visualSrc | Status: pending_generation | Renderer/schema and version compatibility prerequisites apply","high"
"115","pending_generation","B2.C07.L02.A01.S05","B2 > Recommendations > Double particles > A01 > S05","B2","C07","L02","A01","S05","video","B2.C07.L02.A01","B2-C07-L02-A01-S05.mp4","apps/web/public/media/busuu/b2/c07/l02/B2-C07-L02-A01-S05.mp4","apps/web/content/busuu/b2-c07-l02.v1.json","visualSrc","Create an original silent video in a 16:9 frame for a Japanese learning scene. Teaching context: Use combined particles and their emphasis.. Scene/action context: Identify companion focus. Use only the documented action/context; do not add curriculum events. Duration: 5 seconds (estimate; adjust for the documented action). Camera: Not specified in retained screen material. No exact opening pose/frame specified; establish from the documented scene context. No exact closing pose/frame specified; finish the documented action without adding events. All Japanese words, kanji, subtitles, translations, answer choices, captions and teaching labels are rendered by the app UI: generate no written text, no subtitles, no UI, no logos and no answer overlays. Generate no speech or audio track; the app supplies synthesized dialogue separately. Visual design and clothing are not fixed by the project; establish a consistent design within continuity group B2.C07.L02.A01, but do not treat different documented speakers as the same person. Do not copy source screenshots or branding.","B2 MEDIA QUEUE #0115 | Screen: B2.C07.L02.A01.S05 | Type: video | Save as: B2-C07-L02-A01-S05.mp4 | Destination: apps/web/public/media/busuu/b2/c07/l02/B2-C07-L02-A01-S05.mp4 | Source: apps/web/content/busuu/b2-c07-l02.v1.json | Target: screenId=B2.C07.L02.A01.S05, proposed visualSrc | Status: pending_generation | Renderer/schema and version compatibility prerequisites apply","high"
"116","pending_generation","B2.C07.L02.A01.S07","B2 > Recommendations > Double particles > A01 > S07","B2","C07","L02","A01","S07","video","B2.C07.L02.A01","B2-C07-L02-A01-S07.mp4","apps/web/public/media/busuu/b2/c07/l02/B2-C07-L02-A01-S07.mp4","apps/web/content/busuu/b2-c07-l02.v1.json","visualSrc","Create an original silent video in a 16:9 frame for a Japanese learning scene. Teaching context: Use combined particles and their emphasis.. Scene/action context: Select permitted particle combination. Meaning for visual context only, never visible text: At this shop, you can use a card.. Use only the documented action/context; do not add curriculum events. Duration: 5 seconds (estimate; adjust for the documented action). Camera: Not specified in retained screen material. No exact opening pose/frame specified; establish from the documented scene context. No exact closing pose/frame specified; finish the documented action without adding events. All Japanese words, kanji, subtitles, translations, answer choices, captions and teaching labels are rendered by the app UI: generate no written text, no subtitles, no UI, no logos and no answer overlays. Generate no speech or audio track; the app supplies synthesized dialogue separately. Visual design and clothing are not fixed by the project; establish a consistent design within continuity group B2.C07.L02.A01, but do not treat different documented speakers as the same person. Do not copy source screenshots or branding.","B2 MEDIA QUEUE #0116 | Screen: B2.C07.L02.A01.S07 | Type: video | Save as: B2-C07-L02-A01-S07.mp4 | Destination: apps/web/public/media/busuu/b2/c07/l02/B2-C07-L02-A01-S07.mp4 | Source: apps/web/content/busuu/b2-c07-l02.v1.json | Target: screenId=B2.C07.L02.A01.S07, proposed visualSrc | Status: pending_generation | Renderer/schema and version compatibility prerequisites apply","high"
"117","pending_generation","B2.C07.L02.A01.S08","B2 > Recommendations > Double particles > A01 > S08","B2","C07","L02","A01","S08","video","B2.C07.L02.A01","B2-C07-L02-A01-S08.mp4","apps/web/public/media/busuu/b2/c07/l02/B2-C07-L02-A01-S08.mp4","apps/web/content/busuu/b2-c07-l02.v1.json","visualSrc","Create an original silent video in a 16:9 frame for a Japanese learning scene. Teaching context: Use combined particles and their emphasis.. Scene/action context: Source kara plus ha and object wo. Meaning for visual context only, never visible text: From this station, you can see Mount Fuji.. Use only the documented action/context; do not add curriculum events. Duration: 5 seconds (estimate; adjust for the documented action). Camera: Not specified in retained screen material. No exact opening pose/frame specified; establish from the documented scene context. No exact closing pose/frame specified; finish the documented action without adding events. All Japanese words, kanji, subtitles, translations, answer choices, captions and teaching labels are rendered by the app UI: generate no written text, no subtitles, no UI, no logos and no answer overlays. Generate no speech or audio track; the app supplies synthesized dialogue separately. Visual design and clothing are not fixed by the project; establish a consistent design within continuity group B2.C07.L02.A01, but do not treat different documented speakers as the same person. Do not copy source screenshots or branding.","B2 MEDIA QUEUE #0117 | Screen: B2.C07.L02.A01.S08 | Type: video | Save as: B2-C07-L02-A01-S08.mp4 | Destination: apps/web/public/media/busuu/b2/c07/l02/B2-C07-L02-A01-S08.mp4 | Source: apps/web/content/busuu/b2-c07-l02.v1.json | Target: screenId=B2.C07.L02.A01.S08, proposed visualSrc | Status: pending_generation | Renderer/schema and version compatibility prerequisites apply","high"
"118","pending_generation","B2.C07.L02.A01.S09","B2 > Recommendations > Double particles > A01 > S09","B2","C07","L02","A01","S09","video","B2.C07.L02.A01","B2-C07-L02-A01-S09.mp4","apps/web/public/media/busuu/b2/c07/l02/B2-C07-L02-A01-S09.mp4","apps/web/content/busuu/b2-c07-l02.v1.json","visualSrc","Create an original silent video in a 16:9 frame for a Japanese learning scene. Teaching context: Use combined particles and their emphasis.. Scene/action context: Route endpoint focus plus transport. Meaning for visual context only, never visible text: You can go that far by train.. Use only the documented action/context; do not add curriculum events. Duration: 5 seconds (estimate; adjust for the documented action). Camera: Not specified in retained screen material. No exact opening pose/frame specified; establish from the documented scene context. No exact closing pose/frame specified; finish the documented action without adding events. All Japanese words, kanji, subtitles, translations, answer choices, captions and teaching labels are rendered by the app UI: generate no written text, no subtitles, no UI, no logos and no answer overlays. Generate no speech or audio track; the app supplies synthesized dialogue separately. Visual design and clothing are not fixed by the project; establish a consistent design within continuity group B2.C07.L02.A01, but do not treat different documented speakers as the same person. Do not copy source screenshots or branding.","B2 MEDIA QUEUE #0118 | Screen: B2.C07.L02.A01.S09 | Type: video | Save as: B2-C07-L02-A01-S09.mp4 | Destination: apps/web/public/media/busuu/b2/c07/l02/B2-C07-L02-A01-S09.mp4 | Source: apps/web/content/busuu/b2-c07-l02.v1.json | Target: screenId=B2.C07.L02.A01.S09, proposed visualSrc | Status: pending_generation | Renderer/schema and version compatibility prerequisites apply","high"
"119","pending_generation","B2.C07.L02.A02.S01","B2 > Recommendations > Double particles > A02 > S01","B2","C07","L02","A02","S01","video","B2.C07.L02.A02","B2-C07-L02-A02-S01.mp4","apps/web/public/media/busuu/b2/c07/l02/B2-C07-L02-A02-S01.mp4","apps/web/content/busuu/b2-c07-l02.v1.json","visualSrc","Create an original silent video in a 16:9 frame for a Japanese learning scene. Teaching context: Use combined particles and their emphasis.. Scene/action context: Season ni/ha and subject ga. Meaning for visual context only, never visible text: In winter, a lot of snow falls.. Use only the documented action/context; do not add curriculum events. Duration: 5 seconds (estimate; adjust for the documented action). Camera: Not specified in retained screen material. No exact opening pose/frame specified; establish from the documented scene context. No exact closing pose/frame specified; finish the documented action without adding events. All Japanese words, kanji, subtitles, translations, answer choices, captions and teaching labels are rendered by the app UI: generate no written text, no subtitles, no UI, no logos and no answer overlays. Generate no speech or audio track; the app supplies synthesized dialogue separately. Visual design and clothing are not fixed by the project; establish a consistent design within continuity group B2.C07.L02.A02, but do not treat different documented speakers as the same person. Do not copy source screenshots or branding.","B2 MEDIA QUEUE #0119 | Screen: B2.C07.L02.A02.S01 | Type: video | Save as: B2-C07-L02-A02-S01.mp4 | Destination: apps/web/public/media/busuu/b2/c07/l02/B2-C07-L02-A02-S01.mp4 | Source: apps/web/content/busuu/b2-c07-l02.v1.json | Target: screenId=B2.C07.L02.A02.S01, proposed visualSrc | Status: pending_generation | Renderer/schema and version compatibility prerequisites apply","high"
"120","pending_generation","B2.C07.L02.A02.S02","B2 > Recommendations > Double particles > A02 > S02","B2","C07","L02","A02","S02","video","B2.C07.L02.A02","B2-C07-L02-A02-S02.mp4","apps/web/public/media/busuu/b2/c07/l02/B2-C07-L02-A02-S02.mp4","apps/web/content/busuu/b2-c07-l02.v1.json","visualSrc","Create an original silent video in a 16:9 frame for a Japanese learning scene. Teaching context: Use combined particles and their emphasis.. Scene/action context: Scenery noun with example. Meaning for visual context only, never visible text: The scenery visible from here is beautiful.. Use only the documented action/context; do not add curriculum events. Duration: 5 seconds (estimate; adjust for the documented action). Camera: Not specified in retained screen material. No exact opening pose/frame specified; establish from the documented scene context. No exact closing pose/frame specified; finish the documented action without adding events. All Japanese words, kanji, subtitles, translations, answer choices, captions and teaching labels are rendered by the app UI: generate no written text, no subtitles, no UI, no logos and no answer overlays. Generate no speech or audio track; the app supplies synthesized dialogue separately. Visual design and clothing are not fixed by the project; establish a consistent design within continuity group B2.C07.L02.A02, but do not treat different documented speakers as the same person. Do not copy source screenshots or branding.","B2 MEDIA QUEUE #0120 | Screen: B2.C07.L02.A02.S02 | Type: video | Save as: B2-C07-L02-A02-S02.mp4 | Destination: apps/web/public/media/busuu/b2/c07/l02/B2-C07-L02-A02-S02.mp4 | Source: apps/web/content/busuu/b2-c07-l02.v1.json | Target: screenId=B2.C07.L02.A02.S02, proposed visualSrc | Status: pending_generation | Renderer/schema and version compatibility prerequisites apply","high"
"121","pending_generation","B2.C07.L02.A02.S03","B2 > Recommendations > Double particles > A02 > S03","B2","C07","L02","A02","S03","video","B2.C07.L02.A02","B2-C07-L02-A02-S03.mp4","apps/web/public/media/busuu/b2/c07/l02/B2-C07-L02-A02-S03.mp4","apps/web/content/busuu/b2-c07-l02.v1.json","visualSrc","Create an original silent video in a 16:9 frame for a Japanese learning scene. Teaching context: Use combined particles and their emphasis.. Scene/action context: Location niha and existential ga. Meaning for visual context only, never visible text: In this town, there is a park with beautiful scenery.. Use only the documented action/context; do not add curriculum events. Duration: 5 seconds (estimate; adjust for the documented action). Camera: Not specified in retained screen material. No exact opening pose/frame specified; establish from the documented scene context. No exact closing pose/frame specified; finish the documented action without adding events. All Japanese words, kanji, subtitles, translations, answer choices, captions and teaching labels are rendered by the app UI: generate no written text, no subtitles, no UI, no logos and no answer overlays. Generate no speech or audio track; the app supplies synthesized dialogue separately. Visual design and clothing are not fixed by the project; establish a consistent design within continuity group B2.C07.L02.A02, but do not treat different documented speakers as the same person. Do not copy source screenshots or branding.","B2 MEDIA QUEUE #0121 | Screen: B2.C07.L02.A02.S03 | Type: video | Save as: B2-C07-L02-A02-S03.mp4 | Destination: apps/web/public/media/busuu/b2/c07/l02/B2-C07-L02-A02-S03.mp4 | Source: apps/web/content/busuu/b2-c07-l02.v1.json | Target: screenId=B2.C07.L02.A02.S03, proposed visualSrc | Status: pending_generation | Renderer/schema and version compatibility prerequisites apply","high"
"122","pending_generation","B2.C07.L02.A02.S05","B2 > Recommendations > Double particles > A02 > S05","B2","C07","L02","A02","S05","video","B2.C07.L02.A02","B2-C07-L02-A02-S05.mp4","apps/web/public/media/busuu/b2/c07/l02/B2-C07-L02-A02-S05.mp4","apps/web/content/busuu/b2-c07-l02.v1.json","visualSrc","Create an original silent video in a 16:9 frame for a Japanese learning scene. Teaching context: Use combined particles and their emphasis.. Scene/action context: Identify destination focus. Use only the documented action/context; do not add curriculum events. Duration: 5 seconds (estimate; adjust for the documented action). Camera: Not specified in retained screen material. No exact opening pose/frame specified; establish from the documented scene context. No exact closing pose/frame specified; finish the documented action without adding events. All Japanese words, kanji, subtitles, translations, answer choices, captions and teaching labels are rendered by the app UI: generate no written text, no subtitles, no UI, no logos and no answer overlays. Generate no speech or audio track; the app supplies synthesized dialogue separately. Visual design and clothing are not fixed by the project; establish a consistent design within continuity group B2.C07.L02.A02, but do not treat different documented speakers as the same person. Do not copy source screenshots or branding.","B2 MEDIA QUEUE #0122 | Screen: B2.C07.L02.A02.S05 | Type: video | Save as: B2-C07-L02-A02-S05.mp4 | Destination: apps/web/public/media/busuu/b2/c07/l02/B2-C07-L02-A02-S05.mp4 | Source: apps/web/content/busuu/b2-c07-l02.v1.json | Target: screenId=B2.C07.L02.A02.S05, proposed visualSrc | Status: pending_generation | Renderer/schema and version compatibility prerequisites apply","high"
"123","pending_generation","B2.C07.L02.A02.S06","B2 > Recommendations > Double particles > A02 > S06","B2","C07","L02","A02","S06","video","B2.C07.L02.A02","B2-C07-L02-A02-S06.mp4","apps/web/public/media/busuu/b2/c07/l02/B2-C07-L02-A02-S06.mp4","apps/web/content/busuu/b2-c07-l02.v1.json","visualSrc","Create an original silent video in a 16:9 frame for a Japanese learning scene. Teaching context: Use combined particles and their emphasis.. Scene/action context: Trend noun and suru ongoing example. Meaning for visual context only, never visible text: Trend. Right now, these clothes are popular among young people.. Use only the documented action/context; do not add curriculum events. Duration: 5 seconds (estimate; adjust for the documented action). Camera: Not specified in retained screen material. No exact opening pose/frame specified; establish from the documented scene context. No exact closing pose/frame specified; finish the documented action without adding events. All Japanese words, kanji, subtitles, translations, answer choices, captions and teaching labels are rendered by the app UI: generate no written text, no subtitles, no UI, no logos and no answer overlays. Generate no speech or audio track; the app supplies synthesized dialogue separately. Visual design and clothing are not fixed by the project; establish a consistent design within continuity group B2.C07.L02.A02, but do not treat different documented speakers as the same person. Do not copy source screenshots or branding.","B2 MEDIA QUEUE #0123 | Screen: B2.C07.L02.A02.S06 | Type: video | Save as: B2-C07-L02-A02-S06.mp4 | Destination: apps/web/public/media/busuu/b2/c07/l02/B2-C07-L02-A02-S06.mp4 | Source: apps/web/content/busuu/b2-c07-l02.v1.json | Target: screenId=B2.C07.L02.A02.S06, proposed visualSrc | Status: pending_generation | Renderer/schema and version compatibility prerequisites apply","high"
"124","pending_generation","B2.C07.L02.A02.S07","B2 > Recommendations > Double particles > A02 > S07","B2","C07","L02","A02","S07","video","B2.C07.L02.A02","B2-C07-L02-A02-S07.mp4","apps/web/public/media/busuu/b2/c07/l02/B2-C07-L02-A02-S07.mp4","apps/web/content/busuu/b2-c07-l02.v1.json","visualSrc","Create an original silent video in a 16:9 frame for a Japanese learning scene. Teaching context: Use combined particles and their emphasis.. Scene/action context: Trend plus suru. Meaning for visual context only, never visible text: These clothes are in fashion now.. Use only the documented action/context; do not add curriculum events. Duration: 5 seconds (estimate; adjust for the documented action). Camera: Not specified in retained screen material. No exact opening pose/frame specified; establish from the documented scene context. No exact closing pose/frame specified; finish the documented action without adding events. All Japanese words, kanji, subtitles, translations, answer choices, captions and teaching labels are rendered by the app UI: generate no written text, no subtitles, no UI, no logos and no answer overlays. Generate no speech or audio track; the app supplies synthesized dialogue separately. Visual design and clothing are not fixed by the project; establish a consistent design within continuity group B2.C07.L02.A02, but do not treat different documented speakers as the same person. Do not copy source screenshots or branding.","B2 MEDIA QUEUE #0124 | Screen: B2.C07.L02.A02.S07 | Type: video | Save as: B2-C07-L02-A02-S07.mp4 | Destination: apps/web/public/media/busuu/b2/c07/l02/B2-C07-L02-A02-S07.mp4 | Source: apps/web/content/busuu/b2-c07-l02.v1.json | Target: screenId=B2.C07.L02.A02.S07, proposed visualSrc | Status: pending_generation | Renderer/schema and version compatibility prerequisites apply","high"
"125","pending_generation","B2.C07.L02.A02.S08","B2 > Recommendations > Double particles > A02 > S08","B2","C07","L02","A02","S08","video","B2.C07.L02.A02","B2-C07-L02-A02-S08.mp4","apps/web/public/media/busuu/b2/c07/l02/B2-C07-L02-A02-S08.mp4","apps/web/content/busuu/b2-c07-l02.v1.json","visualSrc","Create an original silent video in a 16:9 frame for a Japanese learning scene. Teaching context: Use combined particles and their emphasis.. Scene/action context: Group context deha with current trend. Meaning for visual context only, never visible text: Among young people, these clothes are currently in fashion.. Use only the documented action/context; do not add curriculum events. Duration: 5 seconds (estimate; adjust for the documented action). Camera: Not specified in retained screen material. No exact opening pose/frame specified; establish from the documented scene context. No exact closing pose/frame specified; finish the documented action without adding events. All Japanese words, kanji, subtitles, translations, answer choices, captions and teaching labels are rendered by the app UI: generate no written text, no subtitles, no UI, no logos and no answer overlays. Generate no speech or audio track; the app supplies synthesized dialogue separately. Visual design and clothing are not fixed by the project; establish a consistent design within continuity group B2.C07.L02.A02, but do not treat different documented speakers as the same person. Do not copy source screenshots or branding.","B2 MEDIA QUEUE #0125 | Screen: B2.C07.L02.A02.S08 | Type: video | Save as: B2-C07-L02-A02-S08.mp4 | Destination: apps/web/public/media/busuu/b2/c07/l02/B2-C07-L02-A02-S08.mp4 | Source: apps/web/content/busuu/b2-c07-l02.v1.json | Target: screenId=B2.C07.L02.A02.S08, proposed visualSrc | Status: pending_generation | Renderer/schema and version compatibility prerequisites apply","high"
"126","pending_generation","B2.C07.L02.A02.S09","B2 > Recommendations > Double particles > A02 > S09","B2","C07","L02","A02","S09","video","B2.C07.L02.A02","B2-C07-L02-A02-S09.mp4","apps/web/public/media/busuu/b2/c07/l02/B2-C07-L02-A02-S09.mp4","apps/web/content/busuu/b2-c07-l02.v1.json","visualSrc","Create an original silent video in a 16:9 frame for a Japanese learning scene. Teaching context: Use combined particles and their emphasis.. Scene/action context: Infer destination from two-speaker exchange. Use only the documented action/context; do not add curriculum events. Duration: 11 seconds (estimate; adjust for the documented action). Camera: Not specified in retained screen material. No exact opening pose/frame specified; establish from the documented scene context. No exact closing pose/frame specified; finish the documented action without adding events. All Japanese words, kanji, subtitles, translations, answer choices, captions and teaching labels are rendered by the app UI: generate no written text, no subtitles, no UI, no logos and no answer overlays. Generate no speech or audio track; the app supplies synthesized dialogue separately. Visual design and clothing are not fixed by the project; establish a consistent design within continuity group B2.C07.L02.A02, but do not treat different documented speakers as the same person. Do not copy source screenshots or branding.","B2 MEDIA QUEUE #0126 | Screen: B2.C07.L02.A02.S09 | Type: video | Save as: B2-C07-L02-A02-S09.mp4 | Destination: apps/web/public/media/busuu/b2/c07/l02/B2-C07-L02-A02-S09.mp4 | Source: apps/web/content/busuu/b2-c07-l02.v1.json | Target: screenId=B2.C07.L02.A02.S09, proposed visualSrc | Status: pending_generation | Renderer/schema and version compatibility prerequisites apply","high"
"127","pending_generation","B2.C07.L03.A01.S01","B2 > Recommendations > Recommending things we like > A01 > S01","B2","C07","L03","A01","S01","video","B2.C07.L03.A01","B2-C07-L03-A01-S01.mp4","apps/web/public/media/busuu/b2/c07/l03/B2-C07-L03-A01-S01.mp4","apps/web/content/busuu/b2-c07-l03.v1.json","visualSrc","Create an original silent video in a 16:9 frame for a Japanese learning scene. Teaching context: Use recommendation vocabulary.. Scene/action context: Recommendation expression. Meaning for visual context only, never visible text: I recommend this dish.. Use only the documented action/context; do not add curriculum events. Duration: 5 seconds (estimate; adjust for the documented action). Camera: Not specified in retained screen material. No exact opening pose/frame specified; establish from the documented scene context. No exact closing pose/frame specified; finish the documented action without adding events. All Japanese words, kanji, subtitles, translations, answer choices, captions and teaching labels are rendered by the app UI: generate no written text, no subtitles, no UI, no logos and no answer overlays. Generate no speech or audio track; the app supplies synthesized dialogue separately. Visual design and clothing are not fixed by the project; establish a consistent design within continuity group B2.C07.L03.A01, but do not treat different documented speakers as the same person. Do not copy source screenshots or branding.","B2 MEDIA QUEUE #0127 | Screen: B2.C07.L03.A01.S01 | Type: video | Save as: B2-C07-L03-A01-S01.mp4 | Destination: apps/web/public/media/busuu/b2/c07/l03/B2-C07-L03-A01-S01.mp4 | Source: apps/web/content/busuu/b2-c07-l03.v1.json | Target: screenId=B2.C07.L03.A01.S01, proposed visualSrc | Status: pending_generation | Renderer/schema and version compatibility prerequisites apply","high"
"128","pending_generation","B2.C07.L03.A01.S02","B2 > Recommendations > Recommending things we like > A01 > S02","B2","C07","L03","A01","S02","video","B2.C07.L03.A01","B2-C07-L03-A01-S02.mp4","apps/web/public/media/busuu/b2/c07/l03/B2-C07-L03-A01-S02.mp4","apps/web/content/busuu/b2-c07-l03.v1.json","visualSrc","Create an original silent video in a 16:9 frame for a Japanese learning scene. Teaching context: Use recommendation vocabulary.. Scene/action context: Retrieve recommendation noun. Meaning for visual context only, never visible text: I recommend this dish.. Use only the documented action/context; do not add curriculum events. Duration: 5 seconds (estimate; adjust for the documented action). Camera: Not specified in retained screen material. No exact opening pose/frame specified; establish from the documented scene context. No exact closing pose/frame specified; finish the documented action without adding events. All Japanese words, kanji, subtitles, translations, answer choices, captions and teaching labels are rendered by the app UI: generate no written text, no subtitles, no UI, no logos and no answer overlays. Generate no speech or audio track; the app supplies synthesized dialogue separately. Visual design and clothing are not fixed by the project; establish a consistent design within continuity group B2.C07.L03.A01, but do not treat different documented speakers as the same person. Do not copy source screenshots or branding.","B2 MEDIA QUEUE #0128 | Screen: B2.C07.L03.A01.S02 | Type: video | Save as: B2-C07-L03-A01-S02.mp4 | Destination: apps/web/public/media/busuu/b2/c07/l03/B2-C07-L03-A01-S02.mp4 | Source: apps/web/content/busuu/b2-c07-l03.v1.json | Target: screenId=B2.C07.L03.A01.S02, proposed visualSrc | Status: pending_generation | Renderer/schema and version compatibility prerequisites apply","high"
"129","pending_generation","B2.C07.L03.A01.S03","B2 > Recommendations > Recommending things we like > A01 > S03","B2","C07","L03","A01","S03","video","B2.C07.L03.A01","B2-C07-L03-A01-S03.mp4","apps/web/public/media/busuu/b2/c07/l03/B2-C07-L03-A01-S03.mp4","apps/web/content/busuu/b2-c07-l03.v1.json","visualSrc","Create an original silent video in a 16:9 frame for a Japanese learning scene. Teaching context: Use recommendation vocabulary.. Scene/action context: Construct recommendation question. Meaning for visual context only, never visible text: What do you recommend?. Use only the documented action/context; do not add curriculum events. Duration: 5 seconds (estimate; adjust for the documented action). Camera: Not specified in retained screen material. No exact opening pose/frame specified; establish from the documented scene context. No exact closing pose/frame specified; finish the documented action without adding events. All Japanese words, kanji, subtitles, translations, answer choices, captions and teaching labels are rendered by the app UI: generate no written text, no subtitles, no UI, no logos and no answer overlays. Generate no speech or audio track; the app supplies synthesized dialogue separately. Visual design and clothing are not fixed by the project; establish a consistent design within continuity group B2.C07.L03.A01, but do not treat different documented speakers as the same person. Do not copy source screenshots or branding.","B2 MEDIA QUEUE #0129 | Screen: B2.C07.L03.A01.S03 | Type: video | Save as: B2-C07-L03-A01-S03.mp4 | Destination: apps/web/public/media/busuu/b2/c07/l03/B2-C07-L03-A01-S03.mp4 | Source: apps/web/content/busuu/b2-c07-l03.v1.json | Target: screenId=B2.C07.L03.A01.S03, proposed visualSrc | Status: pending_generation | Renderer/schema and version compatibility prerequisites apply","high"
"130","pending_generation","B2.C07.L03.A01.S05","B2 > Recommendations > Recommending things we like > A01 > S05","B2","C07","L03","A01","S05","video","B2.C07.L03.A01","B2-C07-L03-A01-S05.mp4","apps/web/public/media/busuu/b2/c07/l03/B2-C07-L03-A01-S05.mp4","apps/web/content/busuu/b2-c07-l03.v1.json","visualSrc","Create an original silent video in a 16:9 frame for a Japanese learning scene. Teaching context: Use recommendation vocabulary.. Scene/action context: Identify daily-specials announcement. Use only the documented action/context; do not add curriculum events. Duration: 5 seconds (estimate; adjust for the documented action). Camera: Not specified in retained screen material. No exact opening pose/frame specified; establish from the documented scene context. No exact closing pose/frame specified; finish the documented action without adding events. All Japanese words, kanji, subtitles, translations, answer choices, captions and teaching labels are rendered by the app UI: generate no written text, no subtitles, no UI, no logos and no answer overlays. Generate no speech or audio track; the app supplies synthesized dialogue separately. Visual design and clothing are not fixed by the project; establish a consistent design within continuity group B2.C07.L03.A01, but do not treat different documented speakers as the same person. Do not copy source screenshots or branding.","B2 MEDIA QUEUE #0130 | Screen: B2.C07.L03.A01.S05 | Type: video | Save as: B2-C07-L03-A01-S05.mp4 | Destination: apps/web/public/media/busuu/b2/c07/l03/B2-C07-L03-A01-S05.mp4 | Source: apps/web/content/busuu/b2-c07-l03.v1.json | Target: screenId=B2.C07.L03.A01.S05, proposed visualSrc | Status: pending_generation | Renderer/schema and version compatibility prerequisites apply","high"
"131","pending_generation","B2.C07.L03.A01.S06","B2 > Recommendations > Recommending things we like > A01 > S06","B2","C07","L03","A01","S06","video","B2.C07.L03.A01","B2-C07-L03-A01-S06.mp4","apps/web/public/media/busuu/b2/c07/l03/B2-C07-L03-A01-S06.mp4","apps/web/content/busuu/b2-c07-l03.v1.json","visualSrc","Create an original silent video in a 16:9 frame for a Japanese learning scene. Teaching context: Use recommendation vocabulary.. Scene/action context: Confident liking opinion. Meaning for visual context only, never visible text: I am sure you will like this dish.. Use only the documented action/context; do not add curriculum events. Duration: 5 seconds (estimate; adjust for the documented action). Camera: Not specified in retained screen material. No exact opening pose/frame specified; establish from the documented scene context. No exact closing pose/frame specified; finish the documented action without adding events. All Japanese words, kanji, subtitles, translations, answer choices, captions and teaching labels are rendered by the app UI: generate no written text, no subtitles, no UI, no logos and no answer overlays. Generate no speech or audio track; the app supplies synthesized dialogue separately. Visual design and clothing are not fixed by the project; establish a consistent design within continuity group B2.C07.L03.A01, but do not treat different documented speakers as the same person. Do not copy source screenshots or branding.","B2 MEDIA QUEUE #0131 | Screen: B2.C07.L03.A01.S06 | Type: video | Save as: B2-C07-L03-A01-S06.mp4 | Destination: apps/web/public/media/busuu/b2/c07/l03/B2-C07-L03-A01-S06.mp4 | Source: apps/web/content/busuu/b2-c07-l03.v1.json | Target: screenId=B2.C07.L03.A01.S06, proposed visualSrc | Status: pending_generation | Renderer/schema and version compatibility prerequisites apply","high"
"132","pending_generation","B2.C07.L03.A01.S07","B2 > Recommendations > Recommending things we like > A01 > S07","B2","C07","L03","A01","S07","video","B2.C07.L03.A01","B2-C07-L03-A01-S07.mp4","apps/web/public/media/busuu/b2/c07/l03/B2-C07-L03-A01-S07.mp4","apps/web/content/busuu/b2-c07-l03.v1.json","visualSrc","Create an original silent video in a 16:9 frame for a Japanese learning scene. Teaching context: Use recommendation vocabulary.. Scene/action context: Confidence adverb. Meaning for visual context only, never visible text: I am sure you will like this dish.. Use only the documented action/context; do not add curriculum events. Duration: 5 seconds (estimate; adjust for the documented action). Camera: Not specified in retained screen material. No exact opening pose/frame specified; establish from the documented scene context. No exact closing pose/frame specified; finish the documented action without adding events. All Japanese words, kanji, subtitles, translations, answer choices, captions and teaching labels are rendered by the app UI: generate no written text, no subtitles, no UI, no logos and no answer overlays. Generate no speech or audio track; the app supplies synthesized dialogue separately. Visual design and clothing are not fixed by the project; establish a consistent design within continuity group B2.C07.L03.A01, but do not treat different documented speakers as the same person. Do not copy source screenshots or branding.","B2 MEDIA QUEUE #0132 | Screen: B2.C07.L03.A01.S07 | Type: video | Save as: B2-C07-L03-A01-S07.mp4 | Destination: apps/web/public/media/busuu/b2/c07/l03/B2-C07-L03-A01-S07.mp4 | Source: apps/web/content/busuu/b2-c07-l03.v1.json | Target: screenId=B2.C07.L03.A01.S07, proposed visualSrc | Status: pending_generation | Renderer/schema and version compatibility prerequisites apply","high"
"133","pending_generation","B2.C07.L03.A01.S08","B2 > Recommendations > Recommending things we like > A01 > S08","B2","C07","L03","A01","S08","video","B2.C07.L03.A01","B2-C07-L03-A01-S08.mp4","apps/web/public/media/busuu/b2/c07/l03/B2-C07-L03-A01-S08.mp4","apps/web/content/busuu/b2-c07-l03.v1.json","visualSrc","Create an original silent video in a 16:9 frame for a Japanese learning scene. Teaching context: Use recommendation vocabulary.. Scene/action context: Construct certainty adverb. Meaning for visual context only, never visible text: I am sure you will like this film.. Use only the documented action/context; do not add curriculum events. Duration: 5 seconds (estimate; adjust for the documented action). Camera: Not specified in retained screen material. No exact opening pose/frame specified; establish from the documented scene context. No exact closing pose/frame specified; finish the documented action without adding events. All Japanese words, kanji, subtitles, translations, answer choices, captions and teaching labels are rendered by the app UI: generate no written text, no subtitles, no UI, no logos and no answer overlays. Generate no speech or audio track; the app supplies synthesized dialogue separately. Visual design and clothing are not fixed by the project; establish a consistent design within continuity group B2.C07.L03.A01, but do not treat different documented speakers as the same person. Do not copy source screenshots or branding.","B2 MEDIA QUEUE #0133 | Screen: B2.C07.L03.A01.S08 | Type: video | Save as: B2-C07-L03-A01-S08.mp4 | Destination: apps/web/public/media/busuu/b2/c07/l03/B2-C07-L03-A01-S08.mp4 | Source: apps/web/content/busuu/b2-c07-l03.v1.json | Target: screenId=B2.C07.L03.A01.S08, proposed visualSrc | Status: pending_generation | Renderer/schema and version compatibility prerequisites apply","high"
"134","pending_generation","B2.C07.L03.A01.S09","B2 > Recommendations > Recommending things we like > A01 > S09","B2","C07","L03","A01","S09","video","B2.C07.L03.A01","B2-C07-L03-A01-S09.mp4","apps/web/public/media/busuu/b2/c07/l03/B2-C07-L03-A01-S09.mp4","apps/web/content/busuu/b2-c07-l03.v1.json","visualSrc","Create an original silent video in a 16:9 frame for a Japanese learning scene. Teaching context: Use recommendation vocabulary.. Scene/action context: Recommended noun with no. Meaning for visual context only, never visible text: This is a recommended dish.. Use only the documented action/context; do not add curriculum events. Duration: 5 seconds (estimate; adjust for the documented action). Camera: Not specified in retained screen material. No exact opening pose/frame specified; establish from the documented scene context. No exact closing pose/frame specified; finish the documented action without adding events. All Japanese words, kanji, subtitles, translations, answer choices, captions and teaching labels are rendered by the app UI: generate no written text, no subtitles, no UI, no logos and no answer overlays. Generate no speech or audio track; the app supplies synthesized dialogue separately. Visual design and clothing are not fixed by the project; establish a consistent design within continuity group B2.C07.L03.A01, but do not treat different documented speakers as the same person. Do not copy source screenshots or branding.","B2 MEDIA QUEUE #0134 | Screen: B2.C07.L03.A01.S09 | Type: video | Save as: B2-C07-L03-A01-S09.mp4 | Destination: apps/web/public/media/busuu/b2/c07/l03/B2-C07-L03-A01-S09.mp4 | Source: apps/web/content/busuu/b2-c07-l03.v1.json | Target: screenId=B2.C07.L03.A01.S09, proposed visualSrc | Status: pending_generation | Renderer/schema and version compatibility prerequisites apply","high"
"135","pending_generation","B2.C07.L03.A01.S10","B2 > Recommendations > Recommending things we like > A01 > S10","B2","C07","L03","A01","S10","video","B2.C07.L03.A01","B2-C07-L03-A01-S10.mp4","apps/web/public/media/busuu/b2/c07/l03/B2-C07-L03-A01-S10.mp4","apps/web/content/busuu/b2-c07-l03.v1.json","visualSrc","Create an original silent video in a 16:9 frame for a Japanese learning scene. Teaching context: Use recommendation vocabulary.. Scene/action context: Reason plus confidence response. Meaning for visual context only, never visible text: This dish is delicious, so I am sure you will like it.. Use only the documented action/context; do not add curriculum events. Duration: 5 seconds (estimate; adjust for the documented action). Camera: Not specified in retained screen material. No exact opening pose/frame specified; establish from the documented scene context. No exact closing pose/frame specified; finish the documented action without adding events. All Japanese words, kanji, subtitles, translations, answer choices, captions and teaching labels are rendered by the app UI: generate no written text, no subtitles, no UI, no logos and no answer overlays. Generate no speech or audio track; the app supplies synthesized dialogue separately. Visual design and clothing are not fixed by the project; establish a consistent design within continuity group B2.C07.L03.A01, but do not treat different documented speakers as the same person. Do not copy source screenshots or branding.","B2 MEDIA QUEUE #0135 | Screen: B2.C07.L03.A01.S10 | Type: video | Save as: B2-C07-L03-A01-S10.mp4 | Destination: apps/web/public/media/busuu/b2/c07/l03/B2-C07-L03-A01-S10.mp4 | Source: apps/web/content/busuu/b2-c07-l03.v1.json | Target: screenId=B2.C07.L03.A01.S10, proposed visualSrc | Status: pending_generation | Renderer/schema and version compatibility prerequisites apply","high"
"136","pending_generation","B2.C07.L03.A02.S01","B2 > Recommendations > Recommending things we like > A02 > S01","B2","C07","L03","A02","S01","video","B2.C07.L03.A02","B2-C07-L03-A02-S01.mp4","apps/web/public/media/busuu/b2/c07/l03/B2-C07-L03-A02-S01.mp4","apps/web/content/busuu/b2-c07-l03.v1.json","visualSrc","Create an original silent video in a 16:9 frame for a Japanese learning scene. Teaching context: Use recommendation vocabulary.. Scene/action context: Encouragement adverb with trial request. Meaning for visual context only, never visible text: Do try it.. Use only the documented action/context; do not add curriculum events. Duration: 5 seconds (estimate; adjust for the documented action). Camera: Not specified in retained screen material. No exact opening pose/frame specified; establish from the documented scene context. No exact closing pose/frame specified; finish the documented action without adding events. All Japanese words, kanji, subtitles, translations, answer choices, captions and teaching labels are rendered by the app UI: generate no written text, no subtitles, no UI, no logos and no answer overlays. Generate no speech or audio track; the app supplies synthesized dialogue separately. Visual design and clothing are not fixed by the project; establish a consistent design within continuity group B2.C07.L03.A02, but do not treat different documented speakers as the same person. Do not copy source screenshots or branding.","B2 MEDIA QUEUE #0136 | Screen: B2.C07.L03.A02.S01 | Type: video | Save as: B2-C07-L03-A02-S01.mp4 | Destination: apps/web/public/media/busuu/b2/c07/l03/B2-C07-L03-A02-S01.mp4 | Source: apps/web/content/busuu/b2-c07-l03.v1.json | Target: screenId=B2.C07.L03.A02.S01, proposed visualSrc | Status: pending_generation | Renderer/schema and version compatibility prerequisites apply","high"
"137","pending_generation","B2.C07.L03.A02.S02","B2 > Recommendations > Recommending things we like > A02 > S02","B2","C07","L03","A02","S02","video","B2.C07.L03.A02","B2-C07-L03-A02-S02.mp4","apps/web/public/media/busuu/b2/c07/l03/B2-C07-L03-A02-S02.mp4","apps/web/content/busuu/b2-c07-l03.v1.json","visualSrc","Create an original silent video in a 16:9 frame for a Japanese learning scene. Teaching context: Use recommendation vocabulary.. Scene/action context: Encourage tasting. Meaning for visual context only, never visible text: Do try it.. Use only the documented action/context; do not add curriculum events. Duration: 5 seconds (estimate; adjust for the documented action). Camera: Not specified in retained screen material. No exact opening pose/frame specified; establish from the documented scene context. No exact closing pose/frame specified; finish the documented action without adding events. All Japanese words, kanji, subtitles, translations, answer choices, captions and teaching labels are rendered by the app UI: generate no written text, no subtitles, no UI, no logos and no answer overlays. Generate no speech or audio track; the app supplies synthesized dialogue separately. Visual design and clothing are not fixed by the project; establish a consistent design within continuity group B2.C07.L03.A02, but do not treat different documented speakers as the same person. Do not copy source screenshots or branding.","B2 MEDIA QUEUE #0137 | Screen: B2.C07.L03.A02.S02 | Type: video | Save as: B2-C07-L03-A02-S02.mp4 | Destination: apps/web/public/media/busuu/b2/c07/l03/B2-C07-L03-A02-S02.mp4 | Source: apps/web/content/busuu/b2-c07-l03.v1.json | Target: screenId=B2.C07.L03.A02.S02, proposed visualSrc | Status: pending_generation | Renderer/schema and version compatibility prerequisites apply","high"
"138","pending_generation","B2.C07.L03.A02.S03","B2 > Recommendations > Recommending things we like > A02 > S03","B2","C07","L03","A02","S03","video","B2.C07.L03.A02","B2-C07-L03-A02-S03.mp4","apps/web/public/media/busuu/b2/c07/l03/B2-C07-L03-A02-S03.mp4","apps/web/content/busuu/b2-c07-l03.v1.json","visualSrc","Create an original silent video in a 16:9 frame for a Japanese learning scene. Teaching context: Use recommendation vocabulary.. Scene/action context: Encourage attendance with niha. Meaning for visual context only, never visible text: Do come to this event in particular.. Use only the documented action/context; do not add curriculum events. Duration: 5 seconds (estimate; adjust for the documented action). Camera: Not specified in retained screen material. No exact opening pose/frame specified; establish from the documented scene context. No exact closing pose/frame specified; finish the documented action without adding events. All Japanese words, kanji, subtitles, translations, answer choices, captions and teaching labels are rendered by the app UI: generate no written text, no subtitles, no UI, no logos and no answer overlays. Generate no speech or audio track; the app supplies synthesized dialogue separately. Visual design and clothing are not fixed by the project; establish a consistent design within continuity group B2.C07.L03.A02, but do not treat different documented speakers as the same person. Do not copy source screenshots or branding.","B2 MEDIA QUEUE #0138 | Screen: B2.C07.L03.A02.S03 | Type: video | Save as: B2-C07-L03-A02-S03.mp4 | Destination: apps/web/public/media/busuu/b2/c07/l03/B2-C07-L03-A02-S03.mp4 | Source: apps/web/content/busuu/b2-c07-l03.v1.json | Target: screenId=B2.C07.L03.A02.S03, proposed visualSrc | Status: pending_generation | Renderer/schema and version compatibility prerequisites apply","high"
"139","pending_generation","B2.C07.L03.A02.S04","B2 > Recommendations > Recommending things we like > A02 > S04","B2","C07","L03","A02","S04","video","B2.C07.L03.A02","B2-C07-L03-A02-S04.mp4","apps/web/public/media/busuu/b2/c07/l03/B2-C07-L03-A02-S04.mp4","apps/web/content/busuu/b2-c07-l03.v1.json","visualSrc","Create an original silent video in a 16:9 frame for a Japanese learning scene. Teaching context: Use recommendation vocabulary.. Scene/action context: Encourage visit for scenery. Meaning for visual context only, never visible text: The scenery is beautiful, so do try visiting.. Use only the documented action/context; do not add curriculum events. Duration: 5 seconds (estimate; adjust for the documented action). Camera: Not specified in retained screen material. No exact opening pose/frame specified; establish from the documented scene context. No exact closing pose/frame specified; finish the documented action without adding events. All Japanese words, kanji, subtitles, translations, answer choices, captions and teaching labels are rendered by the app UI: generate no written text, no subtitles, no UI, no logos and no answer overlays. Generate no speech or audio track; the app supplies synthesized dialogue separately. Visual design and clothing are not fixed by the project; establish a consistent design within continuity group B2.C07.L03.A02, but do not treat different documented speakers as the same person. Do not copy source screenshots or branding.","B2 MEDIA QUEUE #0139 | Screen: B2.C07.L03.A02.S04 | Type: video | Save as: B2-C07-L03-A02-S04.mp4 | Destination: apps/web/public/media/busuu/b2/c07/l03/B2-C07-L03-A02-S04.mp4 | Source: apps/web/content/busuu/b2-c07-l03.v1.json | Target: screenId=B2.C07.L03.A02.S04, proposed visualSrc | Status: pending_generation | Renderer/schema and version compatibility prerequisites apply","high"
"140","pending_generation","B2.C07.L03.A02.S05","B2 > Recommendations > Recommending things we like > A02 > S05","B2","C07","L03","A02","S05","video","B2.C07.L03.A02","B2-C07-L03-A02-S05.mp4","apps/web/public/media/busuu/b2/c07/l03/B2-C07-L03-A02-S05.mp4","apps/web/content/busuu/b2-c07-l03.v1.json","visualSrc","Create an original silent video in a 16:9 frame for a Japanese learning scene. Teaching context: Use recommendation vocabulary.. Scene/action context: Favourite noun and modifier. Meaning for visual context only, never visible text: This is one of my favorite cafés.. Use only the documented action/context; do not add curriculum events. Duration: 5 seconds (estimate; adjust for the documented action). Camera: Not specified in retained screen material. No exact opening pose/frame specified; establish from the documented scene context. No exact closing pose/frame specified; finish the documented action without adding events. All Japanese words, kanji, subtitles, translations, answer choices, captions and teaching labels are rendered by the app UI: generate no written text, no subtitles, no UI, no logos and no answer overlays. Generate no speech or audio track; the app supplies synthesized dialogue separately. Visual design and clothing are not fixed by the project; establish a consistent design within continuity group B2.C07.L03.A02, but do not treat different documented speakers as the same person. Do not copy source screenshots or branding.","B2 MEDIA QUEUE #0140 | Screen: B2.C07.L03.A02.S05 | Type: video | Save as: B2-C07-L03-A02-S05.mp4 | Destination: apps/web/public/media/busuu/b2/c07/l03/B2-C07-L03-A02-S05.mp4 | Source: apps/web/content/busuu/b2-c07-l03.v1.json | Target: screenId=B2.C07.L03.A02.S05, proposed visualSrc | Status: pending_generation | Renderer/schema and version compatibility prerequisites apply","high"
"141","pending_generation","B2.C07.L03.A02.S06","B2 > Recommendations > Recommending things we like > A02 > S06","B2","C07","L03","A02","S06","video","B2.C07.L03.A02","B2-C07-L03-A02-S06.mp4","apps/web/public/media/busuu/b2/c07/l03/B2-C07-L03-A02-S06.mp4","apps/web/content/busuu/b2-c07-l03.v1.json","visualSrc","Create an original silent video in a 16:9 frame for a Japanese learning scene. Teaching context: Use recommendation vocabulary.. Scene/action context: Favourite no noun construction. Meaning for visual context only, never visible text: This is one of my favorite cafés.. Use only the documented action/context; do not add curriculum events. Duration: 5 seconds (estimate; adjust for the documented action). Camera: Not specified in retained screen material. No exact opening pose/frame specified; establish from the documented scene context. No exact closing pose/frame specified; finish the documented action without adding events. All Japanese words, kanji, subtitles, translations, answer choices, captions and teaching labels are rendered by the app UI: generate no written text, no subtitles, no UI, no logos and no answer overlays. Generate no speech or audio track; the app supplies synthesized dialogue separately. Visual design and clothing are not fixed by the project; establish a consistent design within continuity group B2.C07.L03.A02, but do not treat different documented speakers as the same person. Do not copy source screenshots or branding.","B2 MEDIA QUEUE #0141 | Screen: B2.C07.L03.A02.S06 | Type: video | Save as: B2-C07-L03-A02-S06.mp4 | Destination: apps/web/public/media/busuu/b2/c07/l03/B2-C07-L03-A02-S06.mp4 | Source: apps/web/content/busuu/b2-c07-l03.v1.json | Target: screenId=B2.C07.L03.A02.S06, proposed visualSrc | Status: pending_generation | Renderer/schema and version compatibility prerequisites apply","high"
"142","pending_generation","B2.C07.L03.A02.S08","B2 > Recommendations > Recommending things we like > A02 > S08","B2","C07","L03","A02","S08","video","B2.C07.L03.A02","B2-C07-L03-A02-S08.mp4","apps/web/public/media/busuu/b2/c07/l03/B2-C07-L03-A02-S08.mp4","apps/web/content/busuu/b2-c07-l03.v1.json","visualSrc","Create an original silent video in a 16:9 frame for a Japanese learning scene. Teaching context: Use recommendation vocabulary.. Scene/action context: Favourite specificity. Use only the documented action/context; do not add curriculum events. Duration: 5 seconds (estimate; adjust for the documented action). Camera: Not specified in retained screen material. No exact opening pose/frame specified; establish from the documented scene context. No exact closing pose/frame specified; finish the documented action without adding events. All Japanese words, kanji, subtitles, translations, answer choices, captions and teaching labels are rendered by the app UI: generate no written text, no subtitles, no UI, no logos and no answer overlays. Generate no speech or audio track; the app supplies synthesized dialogue separately. Visual design and clothing are not fixed by the project; establish a consistent design within continuity group B2.C07.L03.A02, but do not treat different documented speakers as the same person. Do not copy source screenshots or branding.","B2 MEDIA QUEUE #0142 | Screen: B2.C07.L03.A02.S08 | Type: video | Save as: B2-C07-L03-A02-S08.mp4 | Destination: apps/web/public/media/busuu/b2/c07/l03/B2-C07-L03-A02-S08.mp4 | Source: apps/web/content/busuu/b2-c07-l03.v1.json | Target: screenId=B2.C07.L03.A02.S08, proposed visualSrc | Status: pending_generation | Renderer/schema and version compatibility prerequisites apply","high"
"143","pending_generation","B2.C07.L03.A02.S09","B2 > Recommendations > Recommending things we like > A02 > S09","B2","C07","L03","A02","S09","video","B2.C07.L03.A02","B2-C07-L03-A02-S09.mp4","apps/web/public/media/busuu/b2/c07/l03/B2-C07-L03-A02-S09.mp4","apps/web/content/busuu/b2-c07-l03.v1.json","visualSrc","Create an original silent video in a 16:9 frame for a Japanese learning scene. Teaching context: Use recommendation vocabulary.. Scene/action context: Favourite plus personal recommendation. Meaning for visual context only, never visible text: This café is one of my favorites. I recommend it to my friends.. Use only the documented action/context; do not add curriculum events. Duration: 6 seconds (estimate; adjust for the documented action). Camera: Not specified in retained screen material. No exact opening pose/frame specified; establish from the documented scene context. No exact closing pose/frame specified; finish the documented action without adding events. All Japanese words, kanji, subtitles, translations, answer choices, captions and teaching labels are rendered by the app UI: generate no written text, no subtitles, no UI, no logos and no answer overlays. Generate no speech or audio track; the app supplies synthesized dialogue separately. Visual design and clothing are not fixed by the project; establish a consistent design within continuity group B2.C07.L03.A02, but do not treat different documented speakers as the same person. Do not copy source screenshots or branding.","B2 MEDIA QUEUE #0143 | Screen: B2.C07.L03.A02.S09 | Type: video | Save as: B2-C07-L03-A02-S09.mp4 | Destination: apps/web/public/media/busuu/b2/c07/l03/B2-C07-L03-A02-S09.mp4 | Source: apps/web/content/busuu/b2-c07-l03.v1.json | Target: screenId=B2.C07.L03.A02.S09, proposed visualSrc | Status: pending_generation | Renderer/schema and version compatibility prerequisites apply","high"
"144","pending_generation","B2.C07.L03.A02.S10","B2 > Recommendations > Recommending things we like > A02 > S10","B2","C07","L03","A02","S10","video","B2.C07.L03.A02","B2-C07-L03-A02-S10.mp4","apps/web/public/media/busuu/b2/c07/l03/B2-C07-L03-A02-S10.mp4","apps/web/content/busuu/b2-c07-l03.v1.json","visualSrc","Create an original silent video in a 16:9 frame for a Japanese learning scene. Teaching context: Use recommendation vocabulary.. Scene/action context: Confidence opinion plus encouraged viewing. Meaning for visual context only, never visible text: I am sure you will like this film. Do try watching it.. Use only the documented action/context; do not add curriculum events. Duration: 6 seconds (estimate; adjust for the documented action). Camera: Not specified in retained screen material. No exact opening pose/frame specified; establish from the documented scene context. No exact closing pose/frame specified; finish the documented action without adding events. All Japanese words, kanji, subtitles, translations, answer choices, captions and teaching labels are rendered by the app UI: generate no written text, no subtitles, no UI, no logos and no answer overlays. Generate no speech or audio track; the app supplies synthesized dialogue separately. Visual design and clothing are not fixed by the project; establish a consistent design within continuity group B2.C07.L03.A02, but do not treat different documented speakers as the same person. Do not copy source screenshots or branding.","B2 MEDIA QUEUE #0144 | Screen: B2.C07.L03.A02.S10 | Type: video | Save as: B2-C07-L03-A02-S10.mp4 | Destination: apps/web/public/media/busuu/b2/c07/l03/B2-C07-L03-A02-S10.mp4 | Source: apps/web/content/busuu/b2-c07-l03.v1.json | Target: screenId=B2.C07.L03.A02.S10, proposed visualSrc | Status: pending_generation | Renderer/schema and version compatibility prerequisites apply","high"
"145","pending_generation","B2.C07.L04.A01.S02","B2 > Recommendations > Kanji: 雪 景 流 公 園 > A01 > S02","B2","C07","L04","A01","S02","video","B2.C07.L04.A01","B2-C07-L04-A01-S02.mp4","apps/web/public/media/busuu/b2/c07/l04/B2-C07-L04-A01-S02.mp4","apps/web/content/busuu/b2-c07-l04.v1.json","visualSrc","Create an original silent video in a 16:9 frame for a Japanese learning scene. Teaching context: Recognise and read five thematic kanji.. Scene/action context: Snow versus rain/clear. Meaning for visual context only, never visible text: snow. Use only the documented action/context; do not add curriculum events. Duration: 5 seconds (estimate; adjust for the documented action). Camera: Not specified in retained screen material. No exact opening pose/frame specified; establish from the documented scene context. No exact closing pose/frame specified; finish the documented action without adding events. All Japanese words, kanji, subtitles, translations, answer choices, captions and teaching labels are rendered by the app UI: generate no written text, no subtitles, no UI, no logos and no answer overlays. Generate no speech or audio track; the app supplies synthesized dialogue separately. Visual design and clothing are not fixed by the project; establish a consistent design within continuity group B2.C07.L04.A01, but do not treat different documented speakers as the same person. Do not copy source screenshots or branding.","B2 MEDIA QUEUE #0145 | Screen: B2.C07.L04.A01.S02 | Type: video | Save as: B2-C07-L04-A01-S02.mp4 | Destination: apps/web/public/media/busuu/b2/c07/l04/B2-C07-L04-A01-S02.mp4 | Source: apps/web/content/busuu/b2-c07-l04.v1.json | Target: screenId=B2.C07.L04.A01.S02, proposed visualSrc | Status: pending_generation | Renderer/schema and version compatibility prerequisites apply","high"
"146","pending_generation","B2.C07.L04.A01.S04","B2 > Recommendations > Kanji: 雪 景 流 公 園 > A01 > S04","B2","C07","L04","A01","S04","video","B2.C07.L04.A01","B2-C07-L04-A01-S04.mp4","apps/web/public/media/busuu/b2/c07/l04/B2-C07-L04-A01-S04.mp4","apps/web/content/busuu/b2-c07-l04.v1.json","visualSrc","Create an original silent video in a 16:9 frame for a Japanese learning scene. Teaching context: Recognise and read five thematic kanji.. Scene/action context: Scenery compound component. Meaning for visual context only, never visible text: scenery. Use only the documented action/context; do not add curriculum events. Duration: 5 seconds (estimate; adjust for the documented action). Camera: Not specified in retained screen material. No exact opening pose/frame specified; establish from the documented scene context. No exact closing pose/frame specified; finish the documented action without adding events. All Japanese words, kanji, subtitles, translations, answer choices, captions and teaching labels are rendered by the app UI: generate no written text, no subtitles, no UI, no logos and no answer overlays. Generate no speech or audio track; the app supplies synthesized dialogue separately. Visual design and clothing are not fixed by the project; establish a consistent design within continuity group B2.C07.L04.A01, but do not treat different documented speakers as the same person. Do not copy source screenshots or branding.","B2 MEDIA QUEUE #0146 | Screen: B2.C07.L04.A01.S04 | Type: video | Save as: B2-C07-L04-A01-S04.mp4 | Destination: apps/web/public/media/busuu/b2/c07/l04/B2-C07-L04-A01-S04.mp4 | Source: apps/web/content/busuu/b2-c07-l04.v1.json | Target: screenId=B2.C07.L04.A01.S04, proposed visualSrc | Status: pending_generation | Renderer/schema and version compatibility prerequisites apply","high"
"147","pending_generation","B2.C07.L04.A01.S06","B2 > Recommendations > Kanji: 雪 景 流 公 園 > A01 > S06","B2","C07","L04","A01","S06","video","B2.C07.L04.A01","B2-C07-L04-A01-S06.mp4","apps/web/public/media/busuu/b2/c07/l04/B2-C07-L04-A01-S06.mp4","apps/web/content/busuu/b2-c07-l04.v1.json","visualSrc","Create an original silent video in a 16:9 frame for a Japanese learning scene. Teaching context: Recognise and read five thematic kanji.. Scene/action context: Trend water radical. Meaning for visual context only, never visible text: This song is currently popular.. Use only the documented action/context; do not add curriculum events. Duration: 5 seconds (estimate; adjust for the documented action). Camera: Not specified in retained screen material. No exact opening pose/frame specified; establish from the documented scene context. No exact closing pose/frame specified; finish the documented action without adding events. All Japanese words, kanji, subtitles, translations, answer choices, captions and teaching labels are rendered by the app UI: generate no written text, no subtitles, no UI, no logos and no answer overlays. Generate no speech or audio track; the app supplies synthesized dialogue separately. Visual design and clothing are not fixed by the project; establish a consistent design within continuity group B2.C07.L04.A01, but do not treat different documented speakers as the same person. Do not copy source screenshots or branding.","B2 MEDIA QUEUE #0147 | Screen: B2.C07.L04.A01.S06 | Type: video | Save as: B2-C07-L04-A01-S06.mp4 | Destination: apps/web/public/media/busuu/b2/c07/l04/B2-C07-L04-A01-S06.mp4 | Source: apps/web/content/busuu/b2-c07-l04.v1.json | Target: screenId=B2.C07.L04.A01.S06, proposed visualSrc | Status: pending_generation | Renderer/schema and version compatibility prerequisites apply","high"
"148","pending_generation","B2.C07.L04.A01.S08","B2 > Recommendations > Kanji: 雪 景 流 公 園 > A01 > S08","B2","C07","L04","A01","S08","video","B2.C07.L04.A01","B2-C07-L04-A01-S08.mp4","apps/web/public/media/busuu/b2/c07/l04/B2-C07-L04-A01-S08.mp4","apps/web/content/busuu/b2-c07-l04.v1.json","visualSrc","Create an original silent video in a 16:9 frame for a Japanese learning scene. Teaching context: Recognise and read five thematic kanji.. Scene/action context: Official compound public component. Meaning for visual context only, never visible text: official. Use only the documented action/context; do not add curriculum events. Duration: 5 seconds (estimate; adjust for the documented action). Camera: Not specified in retained screen material. No exact opening pose/frame specified; establish from the documented scene context. No exact closing pose/frame specified; finish the documented action without adding events. All Japanese words, kanji, subtitles, translations, answer choices, captions and teaching labels are rendered by the app UI: generate no written text, no subtitles, no UI, no logos and no answer overlays. Generate no speech or audio track; the app supplies synthesized dialogue separately. Visual design and clothing are not fixed by the project; establish a consistent design within continuity group B2.C07.L04.A01, but do not treat different documented speakers as the same person. Do not copy source screenshots or branding.","B2 MEDIA QUEUE #0148 | Screen: B2.C07.L04.A01.S08 | Type: video | Save as: B2-C07-L04-A01-S08.mp4 | Destination: apps/web/public/media/busuu/b2/c07/l04/B2-C07-L04-A01-S08.mp4 | Source: apps/web/content/busuu/b2-c07-l04.v1.json | Target: screenId=B2.C07.L04.A01.S08, proposed visualSrc | Status: pending_generation | Renderer/schema and version compatibility prerequisites apply","high"
"149","pending_generation","B2.C07.L04.A01.S10","B2 > Recommendations > Kanji: 雪 景 流 公 園 > A01 > S10","B2","C07","L04","A01","S10","video","B2.C07.L04.A01","B2-C07-L04-A01-S10.mp4","apps/web/public/media/busuu/b2/c07/l04/B2-C07-L04-A01-S10.mp4","apps/web/content/busuu/b2-c07-l04.v1.json","visualSrc","Create an original silent video in a 16:9 frame for a Japanese learning scene. Teaching context: Recognise and read five thematic kanji.. Scene/action context: Park enclosure recognition. Meaning for visual context only, never visible text: This park is spacious.. Use only the documented action/context; do not add curriculum events. Duration: 5 seconds (estimate; adjust for the documented action). Camera: Not specified in retained screen material. No exact opening pose/frame specified; establish from the documented scene context. No exact closing pose/frame specified; finish the documented action without adding events. All Japanese words, kanji, subtitles, translations, answer choices, captions and teaching labels are rendered by the app UI: generate no written text, no subtitles, no UI, no logos and no answer overlays. Generate no speech or audio track; the app supplies synthesized dialogue separately. Visual design and clothing are not fixed by the project; establish a consistent design within continuity group B2.C07.L04.A01, but do not treat different documented speakers as the same person. Do not copy source screenshots or branding.","B2 MEDIA QUEUE #0149 | Screen: B2.C07.L04.A01.S10 | Type: video | Save as: B2-C07-L04-A01-S10.mp4 | Destination: apps/web/public/media/busuu/b2/c07/l04/B2-C07-L04-A01-S10.mp4 | Source: apps/web/content/busuu/b2-c07-l04.v1.json | Target: screenId=B2.C07.L04.A01.S10, proposed visualSrc | Status: pending_generation | Renderer/schema and version compatibility prerequisites apply","high"
"150","pending_generation","B2.C07.L04.A02.S02","B2 > Recommendations > Kanji: 雪 景 流 公 園 > A02 > S02","B2","C07","L04","A02","S02","video","B2.C07.L04.A02","B2-C07-L04-A02-S02.mp4","apps/web/public/media/busuu/b2/c07/l04/B2-C07-L04-A02-S02.mp4","apps/web/content/busuu/b2-c07-l04.v1.json","visualSrc","Create an original silent video in a 16:9 frame for a Japanese learning scene. Teaching context: Recognise and read five thematic kanji.. Scene/action context: Snow in travel context. Meaning for visual context only, never visible text: When I go to a snowy region, I would like to try making a snowman.. Use only the documented action/context; do not add curriculum events. Duration: 5 seconds (estimate; adjust for the documented action). Camera: Not specified in retained screen material. No exact opening pose/frame specified; establish from the documented scene context. No exact closing pose/frame specified; finish the documented action without adding events. All Japanese words, kanji, subtitles, translations, answer choices, captions and teaching labels are rendered by the app UI: generate no written text, no subtitles, no UI, no logos and no answer overlays. Generate no speech or audio track; the app supplies synthesized dialogue separately. Visual design and clothing are not fixed by the project; establish a consistent design within continuity group B2.C07.L04.A02, but do not treat different documented speakers as the same person. Do not copy source screenshots or branding.","B2 MEDIA QUEUE #0150 | Screen: B2.C07.L04.A02.S02 | Type: video | Save as: B2-C07-L04-A02-S02.mp4 | Destination: apps/web/public/media/busuu/b2/c07/l04/B2-C07-L04-A02-S02.mp4 | Source: apps/web/content/busuu/b2-c07-l04.v1.json | Target: screenId=B2.C07.L04.A02.S02, proposed visualSrc | Status: pending_generation | Renderer/schema and version compatibility prerequisites apply","high"
"151","pending_generation","B2.C07.L04.A02.S03","B2 > Recommendations > Kanji: 雪 景 流 公 園 > A02 > S03","B2","C07","L04","A02","S03","video","B2.C07.L04.A02","B2-C07-L04-A02-S03.mp4","apps/web/public/media/busuu/b2/c07/l04/B2-C07-L04-A02-S03.mp4","apps/web/content/busuu/b2-c07-l04.v1.json","visualSrc","Create an original silent video in a 16:9 frame for a Japanese learning scene. Teaching context: Recognise and read five thematic kanji.. Scene/action context: Scenery compound. Meaning for visual context only, never visible text: The scenery from this inn is beautiful.. Use only the documented action/context; do not add curriculum events. Duration: 5 seconds (estimate; adjust for the documented action). Camera: Not specified in retained screen material. No exact opening pose/frame specified; establish from the documented scene context. No exact closing pose/frame specified; finish the documented action without adding events. All Japanese words, kanji, subtitles, translations, answer choices, captions and teaching labels are rendered by the app UI: generate no written text, no subtitles, no UI, no logos and no answer overlays. Generate no speech or audio track; the app supplies synthesized dialogue separately. Visual design and clothing are not fixed by the project; establish a consistent design within continuity group B2.C07.L04.A02, but do not treat different documented speakers as the same person. Do not copy source screenshots or branding.","B2 MEDIA QUEUE #0151 | Screen: B2.C07.L04.A02.S03 | Type: video | Save as: B2-C07-L04-A02-S03.mp4 | Destination: apps/web/public/media/busuu/b2/c07/l04/B2-C07-L04-A02-S03.mp4 | Source: apps/web/content/busuu/b2-c07-l04.v1.json | Target: screenId=B2.C07.L04.A02.S03, proposed visualSrc | Status: pending_generation | Renderer/schema and version compatibility prerequisites apply","high"
"152","pending_generation","B2.C07.L04.A02.S05","B2 > Recommendations > Kanji: 雪 景 流 公 園 > A02 > S05","B2","C07","L04","A02","S05","video","B2.C07.L04.A02","B2-C07-L04-A02-S05.mp4","apps/web/public/media/busuu/b2/c07/l04/B2-C07-L04-A02-S05.mp4","apps/web/content/busuu/b2-c07-l04.v1.json","visualSrc","Create an original silent video in a 16:9 frame for a Japanese learning scene. Teaching context: Recognise and read five thematic kanji.. Scene/action context: Snowy view recommendation. Meaning for visual context only, never visible text: In winter, I recommend the snow-covered view from this inn.. Use only the documented action/context; do not add curriculum events. Duration: 5 seconds (estimate; adjust for the documented action). Camera: Not specified in retained screen material. No exact opening pose/frame specified; establish from the documented scene context. No exact closing pose/frame specified; finish the documented action without adding events. All Japanese words, kanji, subtitles, translations, answer choices, captions and teaching labels are rendered by the app UI: generate no written text, no subtitles, no UI, no logos and no answer overlays. Generate no speech or audio track; the app supplies synthesized dialogue separately. Visual design and clothing are not fixed by the project; establish a consistent design within continuity group B2.C07.L04.A02, but do not treat different documented speakers as the same person. Do not copy source screenshots or branding.","B2 MEDIA QUEUE #0152 | Screen: B2.C07.L04.A02.S05 | Type: video | Save as: B2-C07-L04-A02-S05.mp4 | Destination: apps/web/public/media/busuu/b2/c07/l04/B2-C07-L04-A02-S05.mp4 | Source: apps/web/content/busuu/b2-c07-l04.v1.json | Target: screenId=B2.C07.L04.A02.S05, proposed visualSrc | Status: pending_generation | Renderer/schema and version compatibility prerequisites apply","high"
"153","pending_generation","B2.C07.L04.A02.S06","B2 > Recommendations > Kanji: 雪 景 流 公 園 > A02 > S06","B2","C07","L04","A02","S06","video","B2.C07.L04.A02","B2-C07-L04-A02-S06.mp4","apps/web/public/media/busuu/b2/c07/l04/B2-C07-L04-A02-S06.mp4","apps/web/content/busuu/b2-c07-l04.v1.json","visualSrc","Create an original silent video in a 16:9 frame for a Japanese learning scene. Teaching context: Recognise and read five thematic kanji.. Scene/action context: Trend compound ongoing. Meaning for visual context only, never visible text: This game is currently popular.. Use only the documented action/context; do not add curriculum events. Duration: 5 seconds (estimate; adjust for the documented action). Camera: Not specified in retained screen material. No exact opening pose/frame specified; establish from the documented scene context. No exact closing pose/frame specified; finish the documented action without adding events. All Japanese words, kanji, subtitles, translations, answer choices, captions and teaching labels are rendered by the app UI: generate no written text, no subtitles, no UI, no logos and no answer overlays. Generate no speech or audio track; the app supplies synthesized dialogue separately. Visual design and clothing are not fixed by the project; establish a consistent design within continuity group B2.C07.L04.A02, but do not treat different documented speakers as the same person. Do not copy source screenshots or branding.","B2 MEDIA QUEUE #0153 | Screen: B2.C07.L04.A02.S06 | Type: video | Save as: B2-C07-L04-A02-S06.mp4 | Destination: apps/web/public/media/busuu/b2/c07/l04/B2-C07-L04-A02-S06.mp4 | Source: apps/web/content/busuu/b2-c07-l04.v1.json | Target: screenId=B2.C07.L04.A02.S06, proposed visualSrc | Status: pending_generation | Renderer/schema and version compatibility prerequisites apply","high"
"154","pending_generation","B2.C07.L04.A02.S07","B2 > Recommendations > Kanji: 雪 景 流 公 園 > A02 > S07","B2","C07","L04","A02","S07","video","B2.C07.L04.A02","B2-C07-L04-A02-S07.mp4","apps/web/public/media/busuu/b2/c07/l04/B2-C07-L04-A02-S07.mp4","apps/web/content/busuu/b2-c07-l04.v1.json","visualSrc","Create an original silent video in a 16:9 frame for a Japanese learning scene. Teaching context: Recognise and read five thematic kanji.. Scene/action context: Newly opened park. Use only the documented action/context; do not add curriculum events. Duration: 5 seconds (estimate; adjust for the documented action). Camera: Not specified in retained screen material. No exact opening pose/frame specified; establish from the documented scene context. No exact closing pose/frame specified; finish the documented action without adding events. All Japanese words, kanji, subtitles, translations, answer choices, captions and teaching labels are rendered by the app UI: generate no written text, no subtitles, no UI, no logos and no answer overlays. Generate no speech or audio track; the app supplies synthesized dialogue separately. Visual design and clothing are not fixed by the project; establish a consistent design within continuity group B2.C07.L04.A02, but do not treat different documented speakers as the same person. Do not copy source screenshots or branding.","B2 MEDIA QUEUE #0154 | Screen: B2.C07.L04.A02.S07 | Type: video | Save as: B2-C07-L04-A02-S07.mp4 | Destination: apps/web/public/media/busuu/b2/c07/l04/B2-C07-L04-A02-S07.mp4 | Source: apps/web/content/busuu/b2-c07-l04.v1.json | Target: screenId=B2.C07.L04.A02.S07, proposed visualSrc | Status: pending_generation | Renderer/schema and version compatibility prerequisites apply","high"
"155","pending_generation","B2.C07.L04.A02.S08","B2 > Recommendations > Kanji: 雪 景 流 公 園 > A02 > S08","B2","C07","L04","A02","S08","video","B2.C07.L04.A02","B2-C07-L04-A02-S08.mp4","apps/web/public/media/busuu/b2/c07/l04/B2-C07-L04-A02-S08.mp4","apps/web/content/busuu/b2-c07-l04.v1.json","visualSrc","Create an original silent video in a 16:9 frame for a Japanese learning scene. Teaching context: Recognise and read five thematic kanji.. Scene/action context: Zoo compound. Meaning for visual context only, never visible text: I am going to the zoo at the weekend.. Use only the documented action/context; do not add curriculum events. Duration: 5 seconds (estimate; adjust for the documented action). Camera: Not specified in retained screen material. No exact opening pose/frame specified; establish from the documented scene context. No exact closing pose/frame specified; finish the documented action without adding events. All Japanese words, kanji, subtitles, translations, answer choices, captions and teaching labels are rendered by the app UI: generate no written text, no subtitles, no UI, no logos and no answer overlays. Generate no speech or audio track; the app supplies synthesized dialogue separately. Visual design and clothing are not fixed by the project; establish a consistent design within continuity group B2.C07.L04.A02, but do not treat different documented speakers as the same person. Do not copy source screenshots or branding.","B2 MEDIA QUEUE #0155 | Screen: B2.C07.L04.A02.S08 | Type: video | Save as: B2-C07-L04-A02-S08.mp4 | Destination: apps/web/public/media/busuu/b2/c07/l04/B2-C07-L04-A02-S08.mp4 | Source: apps/web/content/busuu/b2-c07-l04.v1.json | Target: screenId=B2.C07.L04.A02.S08, proposed visualSrc | Status: pending_generation | Renderer/schema and version compatibility prerequisites apply","high"
"156","pending_generation","B2.C07.L04.A02.S09","B2 > Recommendations > Kanji: 雪 景 流 公 園 > A02 > S09","B2","C07","L04","A02","S09","video","B2.C07.L04.A02","B2-C07-L04-A02-S09.mp4","apps/web/public/media/busuu/b2/c07/l04/B2-C07-L04-A02-S09.mp4","apps/web/content/busuu/b2-c07-l04.v1.json","visualSrc","Create an original silent video in a 16:9 frame for a Japanese learning scene. Teaching context: Recognise and read five thematic kanji.. Scene/action context: Flush request after condition. Meaning for visual context only, never visible text: After using the toilet, please flush it.. Use only the documented action/context; do not add curriculum events. Duration: 5 seconds (estimate; adjust for the documented action). Camera: Not specified in retained screen material. No exact opening pose/frame specified; establish from the documented scene context. No exact closing pose/frame specified; finish the documented action without adding events. All Japanese words, kanji, subtitles, translations, answer choices, captions and teaching labels are rendered by the app UI: generate no written text, no subtitles, no UI, no logos and no answer overlays. Generate no speech or audio track; the app supplies synthesized dialogue separately. Visual design and clothing are not fixed by the project; establish a consistent design within continuity group B2.C07.L04.A02, but do not treat different documented speakers as the same person. Do not copy source screenshots or branding.","B2 MEDIA QUEUE #0156 | Screen: B2.C07.L04.A02.S09 | Type: video | Save as: B2-C07-L04-A02-S09.mp4 | Destination: apps/web/public/media/busuu/b2/c07/l04/B2-C07-L04-A02-S09.mp4 | Source: apps/web/content/busuu/b2-c07-l04.v1.json | Target: screenId=B2.C07.L04.A02.S09, proposed visualSrc | Status: pending_generation | Renderer/schema and version compatibility prerequisites apply","high"
"157","pending_generation","B2.C07.L04.A02.S10","B2 > Recommendations > Kanji: 雪 景 流 公 園 > A02 > S10","B2","C07","L04","A02","S10","video","B2.C07.L04.A02","B2-C07-L04-A02-S10.mp4","apps/web/public/media/busuu/b2/c07/l04/B2-C07-L04-A02-S10.mp4","apps/web/content/busuu/b2-c07-l04.v1.json","visualSrc","Create an original silent video in a 16:9 frame for a Japanese learning scene. Teaching context: Recognise and read five thematic kanji.. Scene/action context: Official website compound. Meaning for visual context only, never visible text: For details, please see the official website.. Use only the documented action/context; do not add curriculum events. Duration: 5 seconds (estimate; adjust for the documented action). Camera: Not specified in retained screen material. No exact opening pose/frame specified; establish from the documented scene context. No exact closing pose/frame specified; finish the documented action without adding events. All Japanese words, kanji, subtitles, translations, answer choices, captions and teaching labels are rendered by the app UI: generate no written text, no subtitles, no UI, no logos and no answer overlays. Generate no speech or audio track; the app supplies synthesized dialogue separately. Visual design and clothing are not fixed by the project; establish a consistent design within continuity group B2.C07.L04.A02, but do not treat different documented speakers as the same person. Do not copy source screenshots or branding.","B2 MEDIA QUEUE #0157 | Screen: B2.C07.L04.A02.S10 | Type: video | Save as: B2-C07-L04-A02-S10.mp4 | Destination: apps/web/public/media/busuu/b2/c07/l04/B2-C07-L04-A02-S10.mp4 | Source: apps/web/content/busuu/b2-c07-l04.v1.json | Target: screenId=B2.C07.L04.A02.S10, proposed visualSrc | Status: pending_generation | Renderer/schema and version compatibility prerequisites apply","high"
"158","pending_generation","B2.C07.L05.A01.S01","B2 > Recommendations > Wondering about things > A01 > S01","B2","C07","L05","A01","S01","video","B2.C07.L05.A01","B2-C07-L05-A01-S01.mp4","apps/web/public/media/busuu/b2/c07/l05/B2-C07-L05-A01-S01.mp4","apps/web/content/busuu/b2-c07-l05.v1.json","visualSrc","Create an original silent video in a 16:9 frame for a Japanese learning scene. Teaching context: Express wondering with .. Scene/action context: Wonder about weather. Meaning for visual context only, never visible text: I wonder whether it will rain tomorrow.. Use only the documented action/context; do not add curriculum events. Duration: 5 seconds (estimate; adjust for the documented action). Camera: Not specified in retained screen material. No exact opening pose/frame specified; establish from the documented scene context. No exact closing pose/frame specified; finish the documented action without adding events. All Japanese words, kanji, subtitles, translations, answer choices, captions and teaching labels are rendered by the app UI: generate no written text, no subtitles, no UI, no logos and no answer overlays. Generate no speech or audio track; the app supplies synthesized dialogue separately. Visual design and clothing are not fixed by the project; establish a consistent design within continuity group B2.C07.L05.A01, but do not treat different documented speakers as the same person. Do not copy source screenshots or branding.","B2 MEDIA QUEUE #0158 | Screen: B2.C07.L05.A01.S01 | Type: video | Save as: B2-C07-L05-A01-S01.mp4 | Destination: apps/web/public/media/busuu/b2/c07/l05/B2-C07-L05-A01-S01.mp4 | Source: apps/web/content/busuu/b2-c07-l05.v1.json | Target: screenId=B2.C07.L05.A01.S01, proposed visualSrc | Status: pending_generation | Renderer/schema and version compatibility prerequisites apply","high"
"159","pending_generation","B2.C07.L05.A01.S03","B2 > Recommendations > Wondering about things > A01 > S03","B2","C07","L05","A01","S03","video","B2.C07.L05.A01","B2-C07-L05-A01-S03.mp4","apps/web/public/media/busuu/b2/c07/l05/B2-C07-L05-A01-S03.mp4","apps/web/content/busuu/b2-c07-l05.v1.json","visualSrc","Create an original silent video in a 16:9 frame for a Japanese learning scene. Teaching context: Express wondering with .. Scene/action context: Recognise wondering with na adjective. Use only the documented action/context; do not add curriculum events. Duration: 5 seconds (estimate; adjust for the documented action). Camera: Not specified in retained screen material. No exact opening pose/frame specified; establish from the documented scene context. No exact closing pose/frame specified; finish the documented action without adding events. All Japanese words, kanji, subtitles, translations, answer choices, captions and teaching labels are rendered by the app UI: generate no written text, no subtitles, no UI, no logos and no answer overlays. Generate no speech or audio track; the app supplies synthesized dialogue separately. Visual design and clothing are not fixed by the project; establish a consistent design within continuity group B2.C07.L05.A01, but do not treat different documented speakers as the same person. Do not copy source screenshots or branding.","B2 MEDIA QUEUE #0159 | Screen: B2.C07.L05.A01.S03 | Type: video | Save as: B2-C07-L05-A01-S03.mp4 | Destination: apps/web/public/media/busuu/b2/c07/l05/B2-C07-L05-A01-S03.mp4 | Source: apps/web/content/busuu/b2-c07-l05.v1.json | Target: screenId=B2.C07.L05.A01.S03, proposed visualSrc | Status: pending_generation | Renderer/schema and version compatibility prerequisites apply","high"
"160","pending_generation","B2.C07.L05.A01.S04","B2 > Recommendations > Wondering about things > A01 > S04","B2","C07","L05","A01","S04","video","B2.C07.L05.A01","B2-C07-L05-A01-S04.mp4","apps/web/public/media/busuu/b2/c07/l05/B2-C07-L05-A01-S04.mp4","apps/web/content/busuu/b2-c07-l05.v1.json","visualSrc","Create an original silent video in a 16:9 frame for a Japanese learning scene. Teaching context: Express wondering with .. Scene/action context: I adjective plus kana. Meaning for visual context only, never visible text: I wonder whether this dish is delicious.. Use only the documented action/context; do not add curriculum events. Duration: 5 seconds (estimate; adjust for the documented action). Camera: Not specified in retained screen material. No exact opening pose/frame specified; establish from the documented scene context. No exact closing pose/frame specified; finish the documented action without adding events. All Japanese words, kanji, subtitles, translations, answer choices, captions and teaching labels are rendered by the app UI: generate no written text, no subtitles, no UI, no logos and no answer overlays. Generate no speech or audio track; the app supplies synthesized dialogue separately. Visual design and clothing are not fixed by the project; establish a consistent design within continuity group B2.C07.L05.A01, but do not treat different documented speakers as the same person. Do not copy source screenshots or branding.","B2 MEDIA QUEUE #0160 | Screen: B2.C07.L05.A01.S04 | Type: video | Save as: B2-C07-L05-A01-S04.mp4 | Destination: apps/web/public/media/busuu/b2/c07/l05/B2-C07-L05-A01-S04.mp4 | Source: apps/web/content/busuu/b2-c07-l05.v1.json | Target: screenId=B2.C07.L05.A01.S04, proposed visualSrc | Status: pending_generation | Renderer/schema and version compatibility prerequisites apply","high"
"161","pending_generation","B2.C07.L05.A01.S05","B2 > Recommendations > Wondering about things > A01 > S05","B2","C07","L05","A01","S05","video","B2.C07.L05.A01","B2-C07-L05-A01-S05.mp4","apps/web/public/media/busuu/b2/c07/l05/B2-C07-L05-A01-S05.mp4","apps/web/content/busuu/b2-c07-l05.v1.json","visualSrc","Create an original silent video in a 16:9 frame for a Japanese learning scene. Teaching context: Express wondering with .. Scene/action context: Question word treated as noun. Meaning for visual context only, never visible text: I wonder what this is.. Use only the documented action/context; do not add curriculum events. Duration: 5 seconds (estimate; adjust for the documented action). Camera: Not specified in retained screen material. No exact opening pose/frame specified; establish from the documented scene context. No exact closing pose/frame specified; finish the documented action without adding events. All Japanese words, kanji, subtitles, translations, answer choices, captions and teaching labels are rendered by the app UI: generate no written text, no subtitles, no UI, no logos and no answer overlays. Generate no speech or audio track; the app supplies synthesized dialogue separately. Visual design and clothing are not fixed by the project; establish a consistent design within continuity group B2.C07.L05.A01, but do not treat different documented speakers as the same person. Do not copy source screenshots or branding.","B2 MEDIA QUEUE #0161 | Screen: B2.C07.L05.A01.S05 | Type: video | Save as: B2-C07-L05-A01-S05.mp4 | Destination: apps/web/public/media/busuu/b2/c07/l05/B2-C07-L05-A01-S05.mp4 | Source: apps/web/content/busuu/b2-c07-l05.v1.json | Target: screenId=B2.C07.L05.A01.S05, proposed visualSrc | Status: pending_generation | Renderer/schema and version compatibility prerequisites apply","high"
"162","pending_generation","B2.C07.L05.A01.S07","B2 > Recommendations > Wondering about things > A01 > S07","B2","C07","L05","A01","S07","video","B2.C07.L05.A01","B2-C07-L05-A01-S07.mp4","apps/web/public/media/busuu/b2/c07/l05/B2-C07-L05-A01-S07.mp4","apps/web/content/busuu/b2-c07-l05.v1.json","visualSrc","Create an original silent video in a 16:9 frame for a Japanese learning scene. Teaching context: Express wondering with .. Scene/action context: Identify familiar-person request. Use only the documented action/context; do not add curriculum events. Duration: 8 seconds (estimate; adjust for the documented action). Camera: Not specified in retained screen material. No exact opening pose/frame specified; establish from the documented scene context. No exact closing pose/frame specified; finish the documented action without adding events. All Japanese words, kanji, subtitles, translations, answer choices, captions and teaching labels are rendered by the app UI: generate no written text, no subtitles, no UI, no logos and no answer overlays. Generate no speech or audio track; the app supplies synthesized dialogue separately. Visual design and clothing are not fixed by the project; establish a consistent design within continuity group B2.C07.L05.A01, but do not treat different documented speakers as the same person. Do not copy source screenshots or branding.","B2 MEDIA QUEUE #0162 | Screen: B2.C07.L05.A01.S07 | Type: video | Save as: B2-C07-L05-A01-S07.mp4 | Destination: apps/web/public/media/busuu/b2/c07/l05/B2-C07-L05-A01-S07.mp4 | Source: apps/web/content/busuu/b2-c07-l05.v1.json | Target: screenId=B2.C07.L05.A01.S07, proposed visualSrc | Status: pending_generation | Renderer/schema and version compatibility prerequisites apply","high"
"163","pending_generation","B2.C07.L05.A01.S08","B2 > Recommendations > Wondering about things > A01 > S08","B2","C07","L05","A01","S08","video","B2.C07.L05.A01","B2-C07-L05-A01-S08.mp4","apps/web/public/media/busuu/b2/c07/l05/B2-C07-L05-A01-S08.mp4","apps/web/content/busuu/b2-c07-l05.v1.json","visualSrc","Create an original silent video in a 16:9 frame for a Japanese learning scene. Teaching context: Express wondering with .. Scene/action context: Time question with topic and kana. Meaning for visual context only, never visible text: I wonder when the concert is.. Use only the documented action/context; do not add curriculum events. Duration: 5 seconds (estimate; adjust for the documented action). Camera: Not specified in retained screen material. No exact opening pose/frame specified; establish from the documented scene context. No exact closing pose/frame specified; finish the documented action without adding events. All Japanese words, kanji, subtitles, translations, answer choices, captions and teaching labels are rendered by the app UI: generate no written text, no subtitles, no UI, no logos and no answer overlays. Generate no speech or audio track; the app supplies synthesized dialogue separately. Visual design and clothing are not fixed by the project; establish a consistent design within continuity group B2.C07.L05.A01, but do not treat different documented speakers as the same person. Do not copy source screenshots or branding.","B2 MEDIA QUEUE #0163 | Screen: B2.C07.L05.A01.S08 | Type: video | Save as: B2-C07-L05-A01-S08.mp4 | Destination: apps/web/public/media/busuu/b2/c07/l05/B2-C07-L05-A01-S08.mp4 | Source: apps/web/content/busuu/b2-c07-l05.v1.json | Target: screenId=B2.C07.L05.A01.S08, proposed visualSrc | Status: pending_generation | Renderer/schema and version compatibility prerequisites apply","high"
"164","pending_generation","B2.C07.L05.A01.S09","B2 > Recommendations > Wondering about things > A01 > S09","B2","C07","L05","A01","S09","video","B2.C07.L05.A01","B2-C07-L05-A01-S09.mp4","apps/web/public/media/busuu/b2/c07/l05/B2-C07-L05-A01-S09.mp4","apps/web/content/busuu/b2-c07-l05.v1.json","visualSrc","Create an original silent video in a 16:9 frame for a Japanese learning scene. Teaching context: Express wondering with .. Scene/action context: Potential subtle invitation. Meaning for visual context only, never visible text: Could you come along with me tomorrow?. Use only the documented action/context; do not add curriculum events. Duration: 5 seconds (estimate; adjust for the documented action). Camera: Not specified in retained screen material. No exact opening pose/frame specified; establish from the documented scene context. No exact closing pose/frame specified; finish the documented action without adding events. All Japanese words, kanji, subtitles, translations, answer choices, captions and teaching labels are rendered by the app UI: generate no written text, no subtitles, no UI, no logos and no answer overlays. Generate no speech or audio track; the app supplies synthesized dialogue separately. Visual design and clothing are not fixed by the project; establish a consistent design within continuity group B2.C07.L05.A01, but do not treat different documented speakers as the same person. Do not copy source screenshots or branding.","B2 MEDIA QUEUE #0164 | Screen: B2.C07.L05.A01.S09 | Type: video | Save as: B2-C07-L05-A01-S09.mp4 | Destination: apps/web/public/media/busuu/b2/c07/l05/B2-C07-L05-A01-S09.mp4 | Source: apps/web/content/busuu/b2-c07-l05.v1.json | Target: screenId=B2.C07.L05.A01.S09, proposed visualSrc | Status: pending_generation | Renderer/schema and version compatibility prerequisites apply","high"
"165","pending_generation","B2.C07.L05.A01.S10","B2 > Recommendations > Wondering about things > A01 > S10","B2","C07","L05","A01","S10","video","B2.C07.L05.A01","B2-C07-L05-A01-S10.mp4","apps/web/public/media/busuu/b2/c07/l05/B2-C07-L05-A01-S10.mp4","apps/web/content/busuu/b2-c07-l05.v1.json","visualSrc","Create an original silent video in a 16:9 frame for a Japanese learning scene. Teaching context: Express wondering with .. Scene/action context: Interpret advice wondering. Meaning for visual context only, never visible text: wondering about advice / a polite question. Use only the documented action/context; do not add curriculum events. Duration: 5 seconds (estimate; adjust for the documented action). Camera: Not specified in retained screen material. No exact opening pose/frame specified; establish from the documented scene context. No exact closing pose/frame specified; finish the documented action without adding events. All Japanese words, kanji, subtitles, translations, answer choices, captions and teaching labels are rendered by the app UI: generate no written text, no subtitles, no UI, no logos and no answer overlays. Generate no speech or audio track; the app supplies synthesized dialogue separately. Visual design and clothing are not fixed by the project; establish a consistent design within continuity group B2.C07.L05.A01, but do not treat different documented speakers as the same person. Do not copy source screenshots or branding.","B2 MEDIA QUEUE #0165 | Screen: B2.C07.L05.A01.S10 | Type: video | Save as: B2-C07-L05-A01-S10.mp4 | Destination: apps/web/public/media/busuu/b2/c07/l05/B2-C07-L05-A01-S10.mp4 | Source: apps/web/content/busuu/b2-c07-l05.v1.json | Target: screenId=B2.C07.L05.A01.S10, proposed visualSrc | Status: pending_generation | Renderer/schema and version compatibility prerequisites apply","high"
"166","pending_generation","B2.C07.L05.A02.S02","B2 > Recommendations > Wondering about things > A02 > S02","B2","C07","L05","A02","S02","video","B2.C07.L05.A02","B2-C07-L05-A02-S02.mp4","apps/web/public/media/busuu/b2/c07/l05/B2-C07-L05-A02-S02.mp4","apps/web/content/busuu/b2-c07-l05.v1.json","visualSrc","Create an original silent video in a 16:9 frame for a Japanese learning scene. Teaching context: Express wondering with .. Scene/action context: Kana/nanokana variants same taught meaning. Use only the documented action/context; do not add curriculum events. Duration: 5 seconds (estimate; adjust for the documented action). Camera: Not specified in retained screen material. No exact opening pose/frame specified; establish from the documented scene context. No exact closing pose/frame specified; finish the documented action without adding events. All Japanese words, kanji, subtitles, translations, answer choices, captions and teaching labels are rendered by the app UI: generate no written text, no subtitles, no UI, no logos and no answer overlays. Generate no speech or audio track; the app supplies synthesized dialogue separately. Visual design and clothing are not fixed by the project; establish a consistent design within continuity group B2.C07.L05.A02, but do not treat different documented speakers as the same person. Do not copy source screenshots or branding.","B2 MEDIA QUEUE #0166 | Screen: B2.C07.L05.A02.S02 | Type: video | Save as: B2-C07-L05-A02-S02.mp4 | Destination: apps/web/public/media/busuu/b2/c07/l05/B2-C07-L05-A02-S02.mp4 | Source: apps/web/content/busuu/b2-c07-l05.v1.json | Target: screenId=B2.C07.L05.A02.S02, proposed visualSrc | Status: pending_generation | Renderer/schema and version compatibility prerequisites apply","high"
"167","pending_generation","B2.C07.L05.A02.S03","B2 > Recommendations > Wondering about things > A02 > S03","B2","C07","L05","A02","S03","video","B2.C07.L05.A02","B2-C07-L05-A02-S03.mp4","apps/web/public/media/busuu/b2/c07/l05/B2-C07-L05-A02-S03.mp4","apps/web/content/busuu/b2-c07-l05.v1.json","visualSrc","Create an original silent video in a 16:9 frame for a Japanese learning scene. Teaching context: Express wondering with .. Scene/action context: Negative form plus nokana. Meaning for visual context only, never visible text: I wonder whether my friend will not come today.. Use only the documented action/context; do not add curriculum events. Duration: 5 seconds (estimate; adjust for the documented action). Camera: Not specified in retained screen material. No exact opening pose/frame specified; establish from the documented scene context. No exact closing pose/frame specified; finish the documented action without adding events. All Japanese words, kanji, subtitles, translations, answer choices, captions and teaching labels are rendered by the app UI: generate no written text, no subtitles, no UI, no logos and no answer overlays. Generate no speech or audio track; the app supplies synthesized dialogue separately. Visual design and clothing are not fixed by the project; establish a consistent design within continuity group B2.C07.L05.A02, but do not treat different documented speakers as the same person. Do not copy source screenshots or branding.","B2 MEDIA QUEUE #0167 | Screen: B2.C07.L05.A02.S03 | Type: video | Save as: B2-C07-L05-A02-S03.mp4 | Destination: apps/web/public/media/busuu/b2/c07/l05/B2-C07-L05-A02-S03.mp4 | Source: apps/web/content/busuu/b2-c07-l05.v1.json | Target: screenId=B2.C07.L05.A02.S03, proposed visualSrc | Status: pending_generation | Renderer/schema and version compatibility prerequisites apply","high"
"168","pending_generation","B2.C07.L05.A02.S05","B2 > Recommendations > Wondering about things > A02 > S05","B2","C07","L05","A02","S05","video","B2.C07.L05.A02","B2-C07-L05-A02-S05.mp4","apps/web/public/media/busuu/b2/c07/l05/B2-C07-L05-A02-S05.mp4","apps/web/content/busuu/b2-c07-l05.v1.json","visualSrc","Create an original silent video in a 16:9 frame for a Japanese learning scene. Teaching context: Express wondering with .. Scene/action context: Conditional advice plus nokana. Meaning for visual context only, never visible text: I wonder what I should wish for with this daruma.. Use only the documented action/context; do not add curriculum events. Duration: 5 seconds (estimate; adjust for the documented action). Camera: Not specified in retained screen material. No exact opening pose/frame specified; establish from the documented scene context. No exact closing pose/frame specified; finish the documented action without adding events. All Japanese words, kanji, subtitles, translations, answer choices, captions and teaching labels are rendered by the app UI: generate no written text, no subtitles, no UI, no logos and no answer overlays. Generate no speech or audio track; the app supplies synthesized dialogue separately. Visual design and clothing are not fixed by the project; establish a consistent design within continuity group B2.C07.L05.A02, but do not treat different documented speakers as the same person. Do not copy source screenshots or branding.","B2 MEDIA QUEUE #0168 | Screen: B2.C07.L05.A02.S05 | Type: video | Save as: B2-C07-L05-A02-S05.mp4 | Destination: apps/web/public/media/busuu/b2/c07/l05/B2-C07-L05-A02-S05.mp4 | Source: apps/web/content/busuu/b2-c07-l05.v1.json | Target: screenId=B2.C07.L05.A02.S05, proposed visualSrc | Status: pending_generation | Renderer/schema and version compatibility prerequisites apply","high"
"169","pending_generation","B2.C07.L05.A02.S06","B2 > Recommendations > Wondering about things > A02 > S06","B2","C07","L05","A02","S06","video","B2.C07.L05.A02","B2-C07-L05-A02-S06.mp4","apps/web/public/media/busuu/b2/c07/l05/B2-C07-L05-A02-S06.mp4","apps/web/content/busuu/b2-c07-l05.v1.json","visualSrc","Create an original silent video in a 16:9 frame for a Japanese learning scene. Teaching context: Express wondering with .. Scene/action context: I adjective plus nokana. Meaning for visual context only, never visible text: I wonder whether this daruma is expensive.. Use only the documented action/context; do not add curriculum events. Duration: 5 seconds (estimate; adjust for the documented action). Camera: Not specified in retained screen material. No exact opening pose/frame specified; establish from the documented scene context. No exact closing pose/frame specified; finish the documented action without adding events. All Japanese words, kanji, subtitles, translations, answer choices, captions and teaching labels are rendered by the app UI: generate no written text, no subtitles, no UI, no logos and no answer overlays. Generate no speech or audio track; the app supplies synthesized dialogue separately. Visual design and clothing are not fixed by the project; establish a consistent design within continuity group B2.C07.L05.A02, but do not treat different documented speakers as the same person. Do not copy source screenshots or branding.","B2 MEDIA QUEUE #0169 | Screen: B2.C07.L05.A02.S06 | Type: video | Save as: B2-C07-L05-A02-S06.mp4 | Destination: apps/web/public/media/busuu/b2/c07/l05/B2-C07-L05-A02-S06.mp4 | Source: apps/web/content/busuu/b2-c07-l05.v1.json | Target: screenId=B2.C07.L05.A02.S06, proposed visualSrc | Status: pending_generation | Renderer/schema and version compatibility prerequisites apply","high"
"170","pending_generation","B2.C07.L05.A02.S07","B2 > Recommendations > Wondering about things > A02 > S07","B2","C07","L05","A02","S07","video","B2.C07.L05.A02","B2-C07-L05-A02-S07.mp4","apps/web/public/media/busuu/b2/c07/l05/B2-C07-L05-A02-S07.mp4","apps/web/content/busuu/b2-c07-l05.v1.json","visualSrc","Create an original silent video in a 16:9 frame for a Japanese learning scene. Teaching context: Express wondering with .. Scene/action context: Interpret potential ticket purchase wondering. Meaning for visual context only, never visible text: can buy. Use only the documented action/context; do not add curriculum events. Duration: 6 seconds (estimate; adjust for the documented action). Camera: Not specified in retained screen material. No exact opening pose/frame specified; establish from the documented scene context. No exact closing pose/frame specified; finish the documented action without adding events. All Japanese words, kanji, subtitles, translations, answer choices, captions and teaching labels are rendered by the app UI: generate no written text, no subtitles, no UI, no logos and no answer overlays. Generate no speech or audio track; the app supplies synthesized dialogue separately. Visual design and clothing are not fixed by the project; establish a consistent design within continuity group B2.C07.L05.A02, but do not treat different documented speakers as the same person. Do not copy source screenshots or branding.","B2 MEDIA QUEUE #0170 | Screen: B2.C07.L05.A02.S07 | Type: video | Save as: B2-C07-L05-A02-S07.mp4 | Destination: apps/web/public/media/busuu/b2/c07/l05/B2-C07-L05-A02-S07.mp4 | Source: apps/web/content/busuu/b2-c07-l05.v1.json | Target: screenId=B2.C07.L05.A02.S07, proposed visualSrc | Status: pending_generation | Renderer/schema and version compatibility prerequisites apply","high"
"171","pending_generation","B2.C07.L05.A02.S08","B2 > Recommendations > Wondering about things > A02 > S08","B2","C07","L05","A02","S08","video","B2.C07.L05.A02","B2-C07-L05-A02-S08.mp4","apps/web/public/media/busuu/b2/c07/l05/B2-C07-L05-A02-S08.mp4","apps/web/content/busuu/b2-c07-l05.v1.json","visualSrc","Create an original silent video in a 16:9 frame for a Japanese learning scene. Teaching context: Express wondering with .. Scene/action context: Advice wondering with niha emphasis. Meaning for visual context only, never visible text: I wonder when it would be best to go to Kyoto.. Use only the documented action/context; do not add curriculum events. Duration: 5 seconds (estimate; adjust for the documented action). Camera: Not specified in retained screen material. No exact opening pose/frame specified; establish from the documented scene context. No exact closing pose/frame specified; finish the documented action without adding events. All Japanese words, kanji, subtitles, translations, answer choices, captions and teaching labels are rendered by the app UI: generate no written text, no subtitles, no UI, no logos and no answer overlays. Generate no speech or audio track; the app supplies synthesized dialogue separately. Visual design and clothing are not fixed by the project; establish a consistent design within continuity group B2.C07.L05.A02, but do not treat different documented speakers as the same person. Do not copy source screenshots or branding.","B2 MEDIA QUEUE #0171 | Screen: B2.C07.L05.A02.S08 | Type: video | Save as: B2-C07-L05-A02-S08.mp4 | Destination: apps/web/public/media/busuu/b2/c07/l05/B2-C07-L05-A02-S08.mp4 | Source: apps/web/content/busuu/b2-c07-l05.v1.json | Target: screenId=B2.C07.L05.A02.S08, proposed visualSrc | Status: pending_generation | Renderer/schema and version compatibility prerequisites apply","high"
"172","pending_generation","B2.C08.L07.A01.S02","B2 > Hunger and thirst > Choosing a Mother's Day gift > A01 > S02","B2","C08","L07","A01","S02","video","B2.C08.L07.A01.S02","B2-C08-L07-A01-S02.mp4","apps/web/public/media/busuu/b2/c08/l07/B2-C08-L07-A01-S02.mp4","apps/web/content/busuu/b2-c08-l07.v1.json","visualSrc","Create an original silent video in a 16:9 frame for a Japanese learning scene. Teaching context: Integrate recommendations, confidence, pairing, scent and ease in a gift-shopping scene.. Scene/action context: Gift-shopping scene with English dialogue before answers. Meaning for visual context only, never visible text: I wonder what I should give for Mother’s Day. I have not decided yet. How about this scarf? It goes with various clothes, and it is light. I recommend it. My mother should have bought a scarf like this before. Shall we try going to the new shop that opened near the station? Good idea. Let’s have a look at wine there. I wonder what this wine smells like. Its scent is not strong, and it smells like flowers. I recommend it. In that case, it seems easy to drink. I think I might give this wine to my mother.. Setting: Two friends look at a scarf, then visit a newly opened shop to choose wine.. People/roles: Friend choosing a gift; Friend giving advice. Ordered conversation meanings for silent performance: [{""speaker"":""guest"",""meaning"":""I wonder what I should give for Mother’s Day. I have not decided yet.""},{""speaker"":""staff"",""meaning"":""How about this scarf? It goes with various clothes, and it is light. I recommend it.""},{""speaker"":""guest"",""meaning"":""My mother should have bought a scarf like this before. Shall we try going to the new shop that opened near the station?""},{""speaker"":""staff"",""meaning"":""Good idea. Let’s have a look at wine there.""},{""speaker"":""guest"",""meaning"":""I wonder what this wine smells like.""},{""speaker"":""staff"",""meaning"":""Its scent is not strong, and it smells like flowers. I recommend it.""},{""speaker"":""guest"",""meaning"":""In that case, it seems easy to drink. I think I might give this wine to my mother.""}]. Use only the documented action/context; do not add curriculum events. Duration: 38 seconds (estimate; adjust for the documented action). Camera: Not specified in retained screen material. No exact opening pose/frame specified; establish from the documented scene context. No exact closing pose/frame specified; finish the documented action without adding events. All Japanese words, kanji, subtitles, translations, answer choices, captions and teaching labels are rendered by the app UI: generate no written text, no subtitles, no UI, no logos and no answer overlays. Generate no speech or audio track; the app supplies synthesized dialogue separately. Visual design and clothing are not fixed by the project; establish a consistent design within continuity group B2.C08.L07.A01.S02, but do not treat different documented speakers as the same person. Do not copy source screenshots or branding.","B2 MEDIA QUEUE #0172 | Screen: B2.C08.L07.A01.S02 | Type: video | Save as: B2-C08-L07-A01-S02.mp4 | Destination: apps/web/public/media/busuu/b2/c08/l07/B2-C08-L07-A01-S02.mp4 | Source: apps/web/content/busuu/b2-c08-l07.v1.json | Target: screenId=B2.C08.L07.A01.S02, proposed visualSrc | Status: pending_generation | Renderer/schema and version compatibility prerequisites apply","high"
"173","pending_generation","B2.C10.L02.A01.S01","B2 > The restaurant > Sentence patterns with the causative form > A01 > S01","B2","C10","L02","A01","S01","video","B2.C10.L02.A01","B2-C10-L02-A01-S01.mp4","apps/web/public/media/busuu/b2/c10/l02/B2-C10-L02-A01-S01.mp4","apps/web/content/busuu/b2-c10-l02.v1.json","visualSrc","Create an original silent video in a 16:9 frame for a Japanese learning scene. Teaching context: Assign causative roles and particles; interpret emotional/nonhuman causation and negative forms.. Scene/action context: 3slots3tiles morphology retrieval U-verbs //. Video controls, no Japanese transcript before. Meaning for visual context only, never visible text: Make / let wait. Make / let sit. Make happy.. Use only the documented action/context; do not add curriculum events. Duration: 5 seconds (estimate; adjust for the documented action). Camera: Not specified in retained screen material. No exact opening pose/frame specified; establish from the documented scene context. No exact closing pose/frame specified; finish the documented action without adding events. All Japanese words, kanji, subtitles, translations, answer choices, captions and teaching labels are rendered by the app UI: generate no written text, no subtitles, no UI, no logos and no answer overlays. Generate no speech or audio track; the app supplies synthesized dialogue separately. Visual design and clothing are not fixed by the project; establish a consistent design within continuity group B2.C10.L02.A01, but do not treat different documented speakers as the same person. Do not copy source screenshots or branding.","B2 MEDIA QUEUE #0173 | Screen: B2.C10.L02.A01.S01 | Type: video | Save as: B2-C10-L02-A01-S01.mp4 | Destination: apps/web/public/media/busuu/b2/c10/l02/B2-C10-L02-A01-S01.mp4 | Source: apps/web/content/busuu/b2-c10-l02.v1.json | Target: screenId=B2.C10.L02.A01.S01, proposed visualSrc | Status: pending_generation | Renderer/schema and version compatibility prerequisites apply","high"
"174","needs_review","B2.C10.L02.A01.S04","B2 > The restaurant > Sentence patterns with the causative form > A01 > S04","B2","C10","L02","A01","S04","ambiguous","B2.C10.L02.A01","B2-C10-L02-A01-S04.mp4","apps/web/public/media/busuu/b2/c10/l02/B2-C10-L02-A01-S04.mp4","apps/web/content/busuu/b2-c10-l02.v1.json","visualSrc","REVIEW REQUIRED; proposed video. Source describes video while runtime visual=none. Resolve the requirement before generating. After resolution: Create an original silent video in a 16:9 frame for a Japanese learning scene. Teaching context: Assign causative roles and particles; interpret emotional/nonhuman causation and negative forms.. Scene/action context: 3slots3tiles topic/causee/morphology, video, feedback causee-marking.. Meaning for visual context only, never visible text: The teacher made the pupils stand up.. Use only the documented action/context; do not add curriculum events. Duration: 5 seconds (estimate; adjust for the documented action). Camera: Not specified in retained screen material. No exact opening pose/frame specified; establish from the documented scene context. No exact closing pose/frame specified; finish the documented action without adding events. All Japanese words, kanji, subtitles, translations, answer choices, captions and teaching labels are rendered by the app UI: generate no written text, no subtitles, no UI, no logos and no answer overlays. Generate no speech or audio track; the app supplies synthesized dialogue separately. Visual design and clothing are not fixed by the project; establish a consistent design within continuity group B2.C10.L02.A01, but do not treat different documented speakers as the same person. Do not copy source screenshots or branding.","B2 MEDIA QUEUE #0174 | Screen: B2.C10.L02.A01.S04 | Type: ambiguous (proposed video) | Save as: B2-C10-L02-A01-S04.mp4 | Destination: apps/web/public/media/busuu/b2/c10/l02/B2-C10-L02-A01-S04.mp4 | Source: apps/web/content/busuu/b2-c10-l02.v1.json | Target: screenId=B2.C10.L02.A01.S04, proposed visualSrc | Status: needs_review | Renderer/schema and version compatibility prerequisites apply","medium"
"175","needs_review","B2.C10.L02.A01.S05","B2 > The restaurant > Sentence patterns with the causative form > A01 > S05","B2","C10","L02","A01","S05","ambiguous","B2.C10.L02.A01","B2-C10-L02-A01-S05.mp4","apps/web/public/media/busuu/b2/c10/l02/B2-C10-L02-A01-S05.mp4","apps/web/content/busuu/b2-c10-l02.v1.json","visualSrc","REVIEW REQUIRED; proposed video. Source describes video while runtime visual=none. Resolve the requirement before generating. After resolution: Create an original silent video in a 16:9 frame for a Japanese learning scene. Teaching context: Assign causative roles and particles; interpret emotional/nonhuman causation and negative forms.. Scene/action context: 2slots4options topic/causee vs direction/location, video. Meaning for visual context only, never visible text: The father made the child wait.. Use only the documented action/context; do not add curriculum events. Duration: 5 seconds (estimate; adjust for the documented action). Camera: Not specified in retained screen material. No exact opening pose/frame specified; establish from the documented scene context. No exact closing pose/frame specified; finish the documented action without adding events. All Japanese words, kanji, subtitles, translations, answer choices, captions and teaching labels are rendered by the app UI: generate no written text, no subtitles, no UI, no logos and no answer overlays. Generate no speech or audio track; the app supplies synthesized dialogue separately. Visual design and clothing are not fixed by the project; establish a consistent design within continuity group B2.C10.L02.A01, but do not treat different documented speakers as the same person. Do not copy source screenshots or branding.","B2 MEDIA QUEUE #0175 | Screen: B2.C10.L02.A01.S05 | Type: ambiguous (proposed video) | Save as: B2-C10-L02-A01-S05.mp4 | Destination: apps/web/public/media/busuu/b2/c10/l02/B2-C10-L02-A01-S05.mp4 | Source: apps/web/content/busuu/b2-c10-l02.v1.json | Target: screenId=B2.C10.L02.A01.S05, proposed visualSrc | Status: needs_review | Renderer/schema and version compatibility prerequisites apply","medium"
"176","needs_review","B2.C10.L02.A01.S07","B2 > The restaurant > Sentence patterns with the causative form > A01 > S07","B2","C10","L02","A01","S07","ambiguous","B2.C10.L02.A01","B2-C10-L02-A01-S07.mp4","apps/web/public/media/busuu/b2/c10/l02/B2-C10-L02-A01-S07.mp4","apps/web/content/busuu/b2-c10-l02.v1.json","visualSrc","REVIEW REQUIRED; proposed video. Source describes video while runtime visual=none. Resolve the requirement before generating. After resolution: Create an original silent video in a 16:9 frame for a Japanese learning scene. Teaching context: Assign causative roles and particles; interpret emotional/nonhuman causation and negative forms.. Scene/action context: 1response3options emotional meaning, Japanese model before+video, feedback reading/morphology .. Meaning for visual context only, never visible text: That present made my mother happy.. Use only the documented action/context; do not add curriculum events. Duration: 5 seconds (estimate; adjust for the documented action). Camera: Not specified in retained screen material. No exact opening pose/frame specified; establish from the documented scene context. No exact closing pose/frame specified; finish the documented action without adding events. All Japanese words, kanji, subtitles, translations, answer choices, captions and teaching labels are rendered by the app UI: generate no written text, no subtitles, no UI, no logos and no answer overlays. Generate no speech or audio track; the app supplies synthesized dialogue separately. Visual design and clothing are not fixed by the project; establish a consistent design within continuity group B2.C10.L02.A01, but do not treat different documented speakers as the same person. Do not copy source screenshots or branding.","B2 MEDIA QUEUE #0176 | Screen: B2.C10.L02.A01.S07 | Type: ambiguous (proposed video) | Save as: B2-C10-L02-A01-S07.mp4 | Destination: apps/web/public/media/busuu/b2/c10/l02/B2-C10-L02-A01-S07.mp4 | Source: apps/web/content/busuu/b2-c10-l02.v1.json | Target: screenId=B2.C10.L02.A01.S07, proposed visualSrc | Status: needs_review | Renderer/schema and version compatibility prerequisites apply","medium"
"177","needs_review","B2.C10.L02.A01.S09","B2 > The restaurant > Sentence patterns with the causative form > A01 > S09","B2","C10","L02","A01","S09","ambiguous","B2.C10.L02.A01","B2-C10-L02-A01-S09.mp4","apps/web/public/media/busuu/b2/c10/l02/B2-C10-L02-A01-S09.mp4","apps/web/content/busuu/b2-c10-l02.v1.json","visualSrc","REVIEW REQUIRED; proposed video. Source describes video while runtime visual=none. Resolve the requirement before generating. After resolution: Create an original silent video in a 16:9 frame for a Japanese learning scene. Teaching context: Assign causative roles and particles; interpret emotional/nonhuman causation and negative forms.. Scene/action context: 2slots4options particle+irregular causative versus plain, video. Meaning for visual context only, never visible text: I made my mother worry.. Use only the documented action/context; do not add curriculum events. Duration: 5 seconds (estimate; adjust for the documented action). Camera: Not specified in retained screen material. No exact opening pose/frame specified; establish from the documented scene context. No exact closing pose/frame specified; finish the documented action without adding events. All Japanese words, kanji, subtitles, translations, answer choices, captions and teaching labels are rendered by the app UI: generate no written text, no subtitles, no UI, no logos and no answer overlays. Generate no speech or audio track; the app supplies synthesized dialogue separately. Visual design and clothing are not fixed by the project; establish a consistent design within continuity group B2.C10.L02.A01, but do not treat different documented speakers as the same person. Do not copy source screenshots or branding.","B2 MEDIA QUEUE #0177 | Screen: B2.C10.L02.A01.S09 | Type: ambiguous (proposed video) | Save as: B2-C10-L02-A01-S09.mp4 | Destination: apps/web/public/media/busuu/b2/c10/l02/B2-C10-L02-A01-S09.mp4 | Source: apps/web/content/busuu/b2-c10-l02.v1.json | Target: screenId=B2.C10.L02.A01.S09, proposed visualSrc | Status: needs_review | Renderer/schema and version compatibility prerequisites apply","medium"
"178","needs_review","B2.C10.L02.A01.S11","B2 > The restaurant > Sentence patterns with the causative form > A01 > S11","B2","C10","L02","A01","S11","ambiguous","B2.C10.L02.A01","B2-C10-L02-A01-S11.mp4","apps/web/public/media/busuu/b2/c10/l02/B2-C10-L02-A01-S11.mp4","apps/web/content/busuu/b2-c10-l02.v1.json","visualSrc","REVIEW REQUIRED; proposed video. Source describes video while runtime visual=none. Resolve the requirement before generating. After resolution: Create an original silent video in a 16:9 frame for a Japanese learning scene. Teaching context: Assign causative roles and particles; interpret emotional/nonhuman causation and negative forms.. Scene/action context: 1slot2options plain/causative stem, video. Meaning for visual context only, never visible text: This music entertains us.. Use only the documented action/context; do not add curriculum events. Duration: 5 seconds (estimate; adjust for the documented action). Camera: Not specified in retained screen material. No exact opening pose/frame specified; establish from the documented scene context. No exact closing pose/frame specified; finish the documented action without adding events. All Japanese words, kanji, subtitles, translations, answer choices, captions and teaching labels are rendered by the app UI: generate no written text, no subtitles, no UI, no logos and no answer overlays. Generate no speech or audio track; the app supplies synthesized dialogue separately. Visual design and clothing are not fixed by the project; establish a consistent design within continuity group B2.C10.L02.A01, but do not treat different documented speakers as the same person. Do not copy source screenshots or branding.","B2 MEDIA QUEUE #0178 | Screen: B2.C10.L02.A01.S11 | Type: ambiguous (proposed video) | Save as: B2-C10-L02-A01-S11.mp4 | Destination: apps/web/public/media/busuu/b2/c10/l02/B2-C10-L02-A01-S11.mp4 | Source: apps/web/content/busuu/b2-c10-l02.v1.json | Target: screenId=B2.C10.L02.A01.S11, proposed visualSrc | Status: needs_review | Renderer/schema and version compatibility prerequisites apply","medium"
"179","needs_review","B2.C10.L02.A02.S02","B2 > The restaurant > Sentence patterns with the causative form > A02 > S02","B2","C10","L02","A02","S02","ambiguous","B2.C10.L02.A02","B2-C10-L02-A02-S02.mp4","apps/web/public/media/busuu/b2/c10/l02/B2-C10-L02-A02-S02.mp4","apps/web/content/busuu/b2-c10-l02.v1.json","visualSrc","REVIEW REQUIRED; proposed video. Source describes video while runtime visual=none. Resolve the requirement before generating. After resolution: Create an original silent video in a 16:9 frame for a Japanese learning scene. Teaching context: Assign causative roles and particles; interpret emotional/nonhuman causation and negative forms.. Scene/action context: 3slots3tiles video, particle permutation. Meaning for visual context only, never visible text: The mother made the child eat vegetables.. Use only the documented action/context; do not add curriculum events. Duration: 5 seconds (estimate; adjust for the documented action). Camera: Not specified in retained screen material. No exact opening pose/frame specified; establish from the documented scene context. No exact closing pose/frame specified; finish the documented action without adding events. All Japanese words, kanji, subtitles, translations, answer choices, captions and teaching labels are rendered by the app UI: generate no written text, no subtitles, no UI, no logos and no answer overlays. Generate no speech or audio track; the app supplies synthesized dialogue separately. Visual design and clothing are not fixed by the project; establish a consistent design within continuity group B2.C10.L02.A02, but do not treat different documented speakers as the same person. Do not copy source screenshots or branding.","B2 MEDIA QUEUE #0179 | Screen: B2.C10.L02.A02.S02 | Type: ambiguous (proposed video) | Save as: B2-C10-L02-A02-S02.mp4 | Destination: apps/web/public/media/busuu/b2/c10/l02/B2-C10-L02-A02-S02.mp4 | Source: apps/web/content/busuu/b2-c10-l02.v1.json | Target: screenId=B2.C10.L02.A02.S02, proposed visualSrc | Status: needs_review | Renderer/schema and version compatibility prerequisites apply","medium"
"180","needs_review","B2.C10.L02.A02.S03","B2 > The restaurant > Sentence patterns with the causative form > A02 > S03","B2","C10","L02","A02","S03","ambiguous","B2.C10.L02.A02","B2-C10-L02-A02-S03.mp4","apps/web/public/media/busuu/b2/c10/l02/B2-C10-L02-A02-S03.mp4","apps/web/content/busuu/b2-c10-l02.v1.json","visualSrc","REVIEW REQUIRED; proposed video. Source describes video while runtime visual=none. Resolve the requirement before generating. After resolution: Create an original silent video in a 16:9 frame for a Japanese learning scene. Teaching context: Assign causative roles and particles; interpret emotional/nonhuman causation and negative forms.. Scene/action context: 2slots4tiles video causee/object vs location/subject. Meaning for visual context only, never visible text: The teacher made the pupils write their names.. Use only the documented action/context; do not add curriculum events. Duration: 5 seconds (estimate; adjust for the documented action). Camera: Not specified in retained screen material. No exact opening pose/frame specified; establish from the documented scene context. No exact closing pose/frame specified; finish the documented action without adding events. All Japanese words, kanji, subtitles, translations, answer choices, captions and teaching labels are rendered by the app UI: generate no written text, no subtitles, no UI, no logos and no answer overlays. Generate no speech or audio track; the app supplies synthesized dialogue separately. Visual design and clothing are not fixed by the project; establish a consistent design within continuity group B2.C10.L02.A02, but do not treat different documented speakers as the same person. Do not copy source screenshots or branding.","B2 MEDIA QUEUE #0180 | Screen: B2.C10.L02.A02.S03 | Type: ambiguous (proposed video) | Save as: B2-C10-L02-A02-S03.mp4 | Destination: apps/web/public/media/busuu/b2/c10/l02/B2-C10-L02-A02-S03.mp4 | Source: apps/web/content/busuu/b2-c10-l02.v1.json | Target: screenId=B2.C10.L02.A02.S03, proposed visualSrc | Status: needs_review | Renderer/schema and version compatibility prerequisites apply","medium"
"181","needs_review","B2.C10.L02.A02.S04","B2 > The restaurant > Sentence patterns with the causative form > A02 > S04","B2","C10","L02","A02","S04","ambiguous","B2.C10.L02.A02","B2-C10-L02-A02-S04.mp4","apps/web/public/media/busuu/b2/c10/l02/B2-C10-L02-A02-S04.mp4","apps/web/content/busuu/b2-c10-l02.v1.json","visualSrc","REVIEW REQUIRED; proposed video. Source describes video while runtime visual=none. Resolve the requirement before generating. After resolution: Create an original silent video in a 16:9 frame for a Japanese learning scene. Teaching context: Assign causative roles and particles; interpret emotional/nonhuman causation and negative forms.. Scene/action context: 2slots4tiles video contrasts intransitive hurry and transitive carrying. Meaning for visual context only, never visible text: The teacher made the pupils hurry. The teacher made the pupils carry the luggage.. Use only the documented action/context; do not add curriculum events. Duration: 6 seconds (estimate; adjust for the documented action). Camera: Not specified in retained screen material. No exact opening pose/frame specified; establish from the documented scene context. No exact closing pose/frame specified; finish the documented action without adding events. All Japanese words, kanji, subtitles, translations, answer choices, captions and teaching labels are rendered by the app UI: generate no written text, no subtitles, no UI, no logos and no answer overlays. Generate no speech or audio track; the app supplies synthesized dialogue separately. Visual design and clothing are not fixed by the project; establish a consistent design within continuity group B2.C10.L02.A02, but do not treat different documented speakers as the same person. Do not copy source screenshots or branding.","B2 MEDIA QUEUE #0181 | Screen: B2.C10.L02.A02.S04 | Type: ambiguous (proposed video) | Save as: B2-C10-L02-A02-S04.mp4 | Destination: apps/web/public/media/busuu/b2/c10/l02/B2-C10-L02-A02-S04.mp4 | Source: apps/web/content/busuu/b2-c10-l02.v1.json | Target: screenId=B2.C10.L02.A02.S04, proposed visualSrc | Status: needs_review | Renderer/schema and version compatibility prerequisites apply","medium"
"182","needs_review","B2.C10.L02.A02.S05","B2 > The restaurant > Sentence patterns with the causative form > A02 > S05","B2","C10","L02","A02","S05","ambiguous","B2.C10.L02.A02","B2-C10-L02-A02-S05.mp4","apps/web/public/media/busuu/b2/c10/l02/B2-C10-L02-A02-S05.mp4","apps/web/content/busuu/b2-c10-l02.v1.json","visualSrc","REVIEW REQUIRED; proposed video. Source describes video while runtime visual=none. Resolve the requirement before generating. After resolution: Create an original silent video in a 16:9 frame for a Japanese learning scene. Teaching context: Assign causative roles and particles; interpret emotional/nonhuman causation and negative forms.. Scene/action context: 1gap, video, explicit Check, accepted. Meaning for visual context only, never visible text: The father made the child read a book.. Use only the documented action/context; do not add curriculum events. Duration: 5 seconds (estimate; adjust for the documented action). Camera: Not specified in retained screen material. No exact opening pose/frame specified; establish from the documented scene context. No exact closing pose/frame specified; finish the documented action without adding events. All Japanese words, kanji, subtitles, translations, answer choices, captions and teaching labels are rendered by the app UI: generate no written text, no subtitles, no UI, no logos and no answer overlays. Generate no speech or audio track; the app supplies synthesized dialogue separately. Visual design and clothing are not fixed by the project; establish a consistent design within continuity group B2.C10.L02.A02, but do not treat different documented speakers as the same person. Do not copy source screenshots or branding.","B2 MEDIA QUEUE #0182 | Screen: B2.C10.L02.A02.S05 | Type: ambiguous (proposed video) | Save as: B2-C10-L02-A02-S05.mp4 | Destination: apps/web/public/media/busuu/b2/c10/l02/B2-C10-L02-A02-S05.mp4 | Source: apps/web/content/busuu/b2-c10-l02.v1.json | Target: screenId=B2.C10.L02.A02.S05, proposed visualSrc | Status: needs_review | Renderer/schema and version compatibility prerequisites apply","medium"
"183","needs_review","B2.C10.L03.A01.S01","B2 > The restaurant > Another way to use the causative form > A01 > S01","B2","C10","L03","A01","S01","ambiguous","B2.C10.L03.A01","B2-C10-L03-A01-S01.mp4","apps/web/public/media/busuu/b2/c10/l03/B2-C10-L03-A01-S01.mp4","apps/web/content/busuu/b2-c10-l03.v1.json","visualSrc","REVIEW REQUIRED; proposed video. Source describes video while runtime visual=none. Resolve the requirement before generating. After resolution: Create an original silent video in a 16:9 frame for a Japanese learning scene. Teaching context: Interpret permissive causatives and construct permission requests or voluntary offers.. Scene/action context: 4slots4tiles video / retrieval. Meaning for visual context only, never visible text: Know → inform. Do → make / let do.. Use only the documented action/context; do not add curriculum events. Duration: 5 seconds (estimate; adjust for the documented action). Camera: Not specified in retained screen material. No exact opening pose/frame specified; establish from the documented scene context. No exact closing pose/frame specified; finish the documented action without adding events. All Japanese words, kanji, subtitles, translations, answer choices, captions and teaching labels are rendered by the app UI: generate no written text, no subtitles, no UI, no logos and no answer overlays. Generate no speech or audio track; the app supplies synthesized dialogue separately. Visual design and clothing are not fixed by the project; establish a consistent design within continuity group B2.C10.L03.A01, but do not treat different documented speakers as the same person. Do not copy source screenshots or branding.","B2 MEDIA QUEUE #0183 | Screen: B2.C10.L03.A01.S01 | Type: ambiguous (proposed video) | Save as: B2-C10-L03-A01-S01.mp4 | Destination: apps/web/public/media/busuu/b2/c10/l03/B2-C10-L03-A01-S01.mp4 | Source: apps/web/content/busuu/b2-c10-l03.v1.json | Target: screenId=B2.C10.L03.A01.S01, proposed visualSrc | Status: needs_review | Renderer/schema and version compatibility prerequisites apply","medium"
"184","needs_review","B2.C10.L03.A01.S02","B2 > The restaurant > Another way to use the causative form > A01 > S02","B2","C10","L03","A01","S02","ambiguous","B2.C10.L03.A01","B2-C10-L03-A01-S02.mp4","apps/web/public/media/busuu/b2/c10/l03/B2-C10-L03-A01-S02.mp4","apps/web/content/busuu/b2-c10-l03.v1.json","visualSrc","REVIEW REQUIRED; proposed video. Source describes video while runtime visual=none. Resolve the requirement before generating. After resolution: Create an original silent video in a 16:9 frame for a Japanese learning scene. Teaching context: Interpret permissive causatives and construct permission requests or voluntary offers.. Scene/action context: 2slots4tiles video object-bearing forcing retrieval, malformed irregular distractor+particle. Meaning for visual context only, never visible text: The teacher made the pupils do their homework.. Use only the documented action/context; do not add curriculum events. Duration: 5 seconds (estimate; adjust for the documented action). Camera: Not specified in retained screen material. No exact opening pose/frame specified; establish from the documented scene context. No exact closing pose/frame specified; finish the documented action without adding events. All Japanese words, kanji, subtitles, translations, answer choices, captions and teaching labels are rendered by the app UI: generate no written text, no subtitles, no UI, no logos and no answer overlays. Generate no speech or audio track; the app supplies synthesized dialogue separately. Visual design and clothing are not fixed by the project; establish a consistent design within continuity group B2.C10.L03.A01, but do not treat different documented speakers as the same person. Do not copy source screenshots or branding.","B2 MEDIA QUEUE #0184 | Screen: B2.C10.L03.A01.S02 | Type: ambiguous (proposed video) | Save as: B2-C10-L03-A01-S02.mp4 | Destination: apps/web/public/media/busuu/b2/c10/l03/B2-C10-L03-A01-S02.mp4 | Source: apps/web/content/busuu/b2-c10-l03.v1.json | Target: screenId=B2.C10.L03.A01.S02, proposed visualSrc | Status: needs_review | Renderer/schema and version compatibility prerequisites apply","medium"
"185","needs_review","B2.C10.L03.A01.S04","B2 > The restaurant > Another way to use the causative form > A01 > S04","B2","C10","L03","A01","S04","ambiguous","B2.C10.L03.A01","B2-C10-L03-A01-S04.mp4","apps/web/public/media/busuu/b2/c10/l03/B2-C10-L03-A01-S04.mp4","apps/web/content/busuu/b2-c10-l03.v1.json","visualSrc","REVIEW REQUIRED; proposed video. Source describes video while runtime visual=none. Resolve the requirement before generating. After resolution: Create an original silent video in a 16:9 frame for a Japanese learning scene. Teaching context: Interpret permissive causatives and construct permission requests or voluntary offers.. Scene/action context: 3slots3tiles video particles, feedback permission meaning.. Meaning for visual context only, never visible text: The mother let the child order their favourite dish.. Use only the documented action/context; do not add curriculum events. Duration: 5 seconds (estimate; adjust for the documented action). Camera: Not specified in retained screen material. No exact opening pose/frame specified; establish from the documented scene context. No exact closing pose/frame specified; finish the documented action without adding events. All Japanese words, kanji, subtitles, translations, answer choices, captions and teaching labels are rendered by the app UI: generate no written text, no subtitles, no UI, no logos and no answer overlays. Generate no speech or audio track; the app supplies synthesized dialogue separately. Visual design and clothing are not fixed by the project; establish a consistent design within continuity group B2.C10.L03.A01, but do not treat different documented speakers as the same person. Do not copy source screenshots or branding.","B2 MEDIA QUEUE #0185 | Screen: B2.C10.L03.A01.S04 | Type: ambiguous (proposed video) | Save as: B2-C10-L03-A01-S04.mp4 | Destination: apps/web/public/media/busuu/b2/c10/l03/B2-C10-L03-A01-S04.mp4 | Source: apps/web/content/busuu/b2-c10-l03.v1.json | Target: screenId=B2.C10.L03.A01.S04, proposed visualSrc | Status: needs_review | Renderer/schema and version compatibility prerequisites apply","medium"
"186","needs_review","B2.C10.L03.A01.S05","B2 > The restaurant > Another way to use the causative form > A01 > S05","B2","C10","L03","A01","S05","ambiguous","B2.C10.L03.A01","B2-C10-L03-A01-S05.mp4","apps/web/public/media/busuu/b2/c10/l03/B2-C10-L03-A01-S05.mp4","apps/web/content/busuu/b2-c10-l03.v1.json","visualSrc","REVIEW REQUIRED; proposed video. Source describes video while runtime visual=none. Resolve the requirement before generating. After resolution: Create an original silent video in a 16:9 frame for a Japanese learning scene. Teaching context: Interpret permissive causatives and construct permission requests or voluntary offers.. Scene/action context: 2slots4tiles video person/place and informing/state contrast. Meaning for visual context only, never visible text: I informed my friend of the meeting place.. Use only the documented action/context; do not add curriculum events. Duration: 5 seconds (estimate; adjust for the documented action). Camera: Not specified in retained screen material. No exact opening pose/frame specified; establish from the documented scene context. No exact closing pose/frame specified; finish the documented action without adding events. All Japanese words, kanji, subtitles, translations, answer choices, captions and teaching labels are rendered by the app UI: generate no written text, no subtitles, no UI, no logos and no answer overlays. Generate no speech or audio track; the app supplies synthesized dialogue separately. Visual design and clothing are not fixed by the project; establish a consistent design within continuity group B2.C10.L03.A01, but do not treat different documented speakers as the same person. Do not copy source screenshots or branding.","B2 MEDIA QUEUE #0186 | Screen: B2.C10.L03.A01.S05 | Type: ambiguous (proposed video) | Save as: B2-C10-L03-A01-S05.mp4 | Destination: apps/web/public/media/busuu/b2/c10/l03/B2-C10-L03-A01-S05.mp4 | Source: apps/web/content/busuu/b2-c10-l03.v1.json | Target: screenId=B2.C10.L03.A01.S05, proposed visualSrc | Status: needs_review | Renderer/schema and version compatibility prerequisites apply","medium"
"187","needs_review","B2.C10.L03.A01.S06","B2 > The restaurant > Another way to use the causative form > A01 > S06","B2","C10","L03","A01","S06","ambiguous","B2.C10.L03.A01","B2-C10-L03-A01-S06.mp4","apps/web/public/media/busuu/b2/c10/l03/B2-C10-L03-A01-S06.mp4","apps/web/content/busuu/b2-c10-l03.v1.json","visualSrc","REVIEW REQUIRED; proposed video. Source describes video while runtime visual=none. Resolve the requirement before generating. After resolution: Create an original silent video in a 16:9 frame for a Japanese learning scene. Teaching context: Interpret permissive causatives and construct permission requests or voluntary offers.. Scene/action context: video Japanese+English informing request, no grading.. Meaning for visual context only, never visible text: Please let me know when the time is decided.. Use only the documented action/context; do not add curriculum events. Duration: 5 seconds (estimate; adjust for the documented action). Camera: Not specified in retained screen material. No exact opening pose/frame specified; establish from the documented scene context. No exact closing pose/frame specified; finish the documented action without adding events. All Japanese words, kanji, subtitles, translations, answer choices, captions and teaching labels are rendered by the app UI: generate no written text, no subtitles, no UI, no logos and no answer overlays. Generate no speech or audio track; the app supplies synthesized dialogue separately. Visual design and clothing are not fixed by the project; establish a consistent design within continuity group B2.C10.L03.A01, but do not treat different documented speakers as the same person. Do not copy source screenshots or branding.","B2 MEDIA QUEUE #0187 | Screen: B2.C10.L03.A01.S06 | Type: ambiguous (proposed video) | Save as: B2-C10-L03-A01-S06.mp4 | Destination: apps/web/public/media/busuu/b2/c10/l03/B2-C10-L03-A01-S06.mp4 | Source: apps/web/content/busuu/b2-c10-l03.v1.json | Target: screenId=B2.C10.L03.A01.S06, proposed visualSrc | Status: needs_review | Renderer/schema and version compatibility prerequisites apply","medium"
"188","needs_review","B2.C10.L03.A01.S07","B2 > The restaurant > Another way to use the causative form > A01 > S07","B2","C10","L03","A01","S07","ambiguous","B2.C10.L03.A01","B2-C10-L03-A01-S07.mp4","apps/web/public/media/busuu/b2/c10/l03/B2-C10-L03-A01-S07.mp4","apps/web/content/busuu/b2-c10-l03.v1.json","visualSrc","REVIEW REQUIRED; proposed video. Source describes video while runtime visual=none. Resolve the requirement before generating. After resolution: Create an original silent video in a 16:9 frame for a Japanese learning scene. Teaching context: Interpret permissive causatives and construct permission requests or voluntary offers.. Scene/action context: 1response3options video te/dictionary/negative request contrast. Meaning for visual context only, never visible text: Please let me help.. Use only the documented action/context; do not add curriculum events. Duration: 5 seconds (estimate; adjust for the documented action). Camera: Not specified in retained screen material. No exact opening pose/frame specified; establish from the documented scene context. No exact closing pose/frame specified; finish the documented action without adding events. All Japanese words, kanji, subtitles, translations, answer choices, captions and teaching labels are rendered by the app UI: generate no written text, no subtitles, no UI, no logos and no answer overlays. Generate no speech or audio track; the app supplies synthesized dialogue separately. Visual design and clothing are not fixed by the project; establish a consistent design within continuity group B2.C10.L03.A01, but do not treat different documented speakers as the same person. Do not copy source screenshots or branding.","B2 MEDIA QUEUE #0188 | Screen: B2.C10.L03.A01.S07 | Type: ambiguous (proposed video) | Save as: B2-C10-L03-A01-S07.mp4 | Destination: apps/web/public/media/busuu/b2/c10/l03/B2-C10-L03-A01-S07.mp4 | Source: apps/web/content/busuu/b2-c10-l03.v1.json | Target: screenId=B2.C10.L03.A01.S07, proposed visualSrc | Status: needs_review | Renderer/schema and version compatibility prerequisites apply","medium"
"189","needs_review","B2.C10.L03.A01.S09","B2 > The restaurant > Another way to use the causative form > A01 > S09","B2","C10","L03","A01","S09","ambiguous","B2.C10.L03.A01","B2-C10-L03-A01-S09.mp4","apps/web/public/media/busuu/b2/c10/l03/B2-C10-L03-A01-S09.mp4","apps/web/content/busuu/b2-c10-l03.v1.json","visualSrc","REVIEW REQUIRED; proposed video. Source describes video while runtime visual=none. Resolve the requirement before generating. After resolution: Create an original silent video in a 16:9 frame for a Japanese learning scene. Teaching context: Interpret permissive causatives and construct permission requests or voluntary offers.. Scene/action context: 1response2options video+Japanese before. Meaning for visual context only, never visible text: Please let me help.. Use only the documented action/context; do not add curriculum events. Duration: 5 seconds (estimate; adjust for the documented action). Camera: Not specified in retained screen material. No exact opening pose/frame specified; establish from the documented scene context. No exact closing pose/frame specified; finish the documented action without adding events. All Japanese words, kanji, subtitles, translations, answer choices, captions and teaching labels are rendered by the app UI: generate no written text, no subtitles, no UI, no logos and no answer overlays. Generate no speech or audio track; the app supplies synthesized dialogue separately. Visual design and clothing are not fixed by the project; establish a consistent design within continuity group B2.C10.L03.A01, but do not treat different documented speakers as the same person. Do not copy source screenshots or branding.","B2 MEDIA QUEUE #0189 | Screen: B2.C10.L03.A01.S09 | Type: ambiguous (proposed video) | Save as: B2-C10-L03-A01-S09.mp4 | Destination: apps/web/public/media/busuu/b2/c10/l03/B2-C10-L03-A01-S09.mp4 | Source: apps/web/content/busuu/b2-c10-l03.v1.json | Target: screenId=B2.C10.L03.A01.S09, proposed visualSrc | Status: needs_review | Renderer/schema and version compatibility prerequisites apply","medium"
"190","needs_review","B2.C10.L03.A01.S10","B2 > The restaurant > Another way to use the causative form > A01 > S10","B2","C10","L03","A01","S10","ambiguous","B2.C10.L03.A01","B2-C10-L03-A01-S10.mp4","apps/web/public/media/busuu/b2/c10/l03/B2-C10-L03-A01-S10.mp4","apps/web/content/busuu/b2-c10-l03.v1.json","visualSrc","REVIEW REQUIRED; proposed video. Source describes video while runtime visual=none. Resolve the requirement before generating. After resolution: Create an original silent video in a 16:9 frame for a Japanese learning scene. Teaching context: Interpret permissive causatives and construct permission requests or voluntary offers.. Scene/action context: 2slots4tiles video te+ vs dictionary/existence. Meaning for visual context only, never visible text: Please let me think for a moment.. Use only the documented action/context; do not add curriculum events. Duration: 5 seconds (estimate; adjust for the documented action). Camera: Not specified in retained screen material. No exact opening pose/frame specified; establish from the documented scene context. No exact closing pose/frame specified; finish the documented action without adding events. All Japanese words, kanji, subtitles, translations, answer choices, captions and teaching labels are rendered by the app UI: generate no written text, no subtitles, no UI, no logos and no answer overlays. Generate no speech or audio track; the app supplies synthesized dialogue separately. Visual design and clothing are not fixed by the project; establish a consistent design within continuity group B2.C10.L03.A01, but do not treat different documented speakers as the same person. Do not copy source screenshots or branding.","B2 MEDIA QUEUE #0190 | Screen: B2.C10.L03.A01.S10 | Type: ambiguous (proposed video) | Save as: B2-C10-L03-A01-S10.mp4 | Destination: apps/web/public/media/busuu/b2/c10/l03/B2-C10-L03-A01-S10.mp4 | Source: apps/web/content/busuu/b2-c10-l03.v1.json | Target: screenId=B2.C10.L03.A01.S10, proposed visualSrc | Status: needs_review | Renderer/schema and version compatibility prerequisites apply","medium"
"191","needs_review","B2.C10.L03.A02.S03","B2 > The restaurant > Another way to use the causative form > A02 > S03","B2","C10","L03","A02","S03","ambiguous","B2.C10.L03.A02","B2-C10-L03-A02-S03.mp4","apps/web/public/media/busuu/b2/c10/l03/B2-C10-L03-A02-S03.mp4","apps/web/content/busuu/b2-c10-l03.v1.json","visualSrc","REVIEW REQUIRED; proposed video. Source describes video while runtime visual=none. Resolve the requirement before generating. After resolution: Create an original silent video in a 16:9 frame for a Japanese learning scene. Teaching context: Interpret permissive causatives and construct permission requests or voluntary offers.. Scene/action context: 1slot2tiles video celebration voluntary offer versus direct request. Meaning for visual context only, never visible text: Please let me celebrate your success.. Use only the documented action/context; do not add curriculum events. Duration: 5 seconds (estimate; adjust for the documented action). Camera: Not specified in retained screen material. No exact opening pose/frame specified; establish from the documented scene context. No exact closing pose/frame specified; finish the documented action without adding events. All Japanese words, kanji, subtitles, translations, answer choices, captions and teaching labels are rendered by the app UI: generate no written text, no subtitles, no UI, no logos and no answer overlays. Generate no speech or audio track; the app supplies synthesized dialogue separately. Visual design and clothing are not fixed by the project; establish a consistent design within continuity group B2.C10.L03.A02, but do not treat different documented speakers as the same person. Do not copy source screenshots or branding.","B2 MEDIA QUEUE #0191 | Screen: B2.C10.L03.A02.S03 | Type: ambiguous (proposed video) | Save as: B2-C10-L03-A02-S03.mp4 | Destination: apps/web/public/media/busuu/b2/c10/l03/B2-C10-L03-A02-S03.mp4 | Source: apps/web/content/busuu/b2-c10-l03.v1.json | Target: screenId=B2.C10.L03.A02.S03, proposed visualSrc | Status: needs_review | Renderer/schema and version compatibility prerequisites apply","medium"
"192","needs_review","B2.C10.L03.A02.S04","B2 > The restaurant > Another way to use the causative form > A02 > S04","B2","C10","L03","A02","S04","ambiguous","B2.C10.L03.A02","B2-C10-L03-A02-S04.mp4","apps/web/public/media/busuu/b2/c10/l03/B2-C10-L03-A02-S04.mp4","apps/web/content/busuu/b2-c10-l03.v1.json","visualSrc","REVIEW REQUIRED; proposed video. Source describes video while runtime visual=none. Resolve the requirement before generating. After resolution: Create an original silent video in a 16:9 frame for a Japanese learning scene. Teaching context: Interpret permissive causatives and construct permission requests or voluntary offers.. Scene/action context: 1gap video attendance request, Check. Meaning for visual context only, never visible text: Please let me attend the meeting.. Use only the documented action/context; do not add curriculum events. Duration: 5 seconds (estimate; adjust for the documented action). Camera: Not specified in retained screen material. No exact opening pose/frame specified; establish from the documented scene context. No exact closing pose/frame specified; finish the documented action without adding events. All Japanese words, kanji, subtitles, translations, answer choices, captions and teaching labels are rendered by the app UI: generate no written text, no subtitles, no UI, no logos and no answer overlays. Generate no speech or audio track; the app supplies synthesized dialogue separately. Visual design and clothing are not fixed by the project; establish a consistent design within continuity group B2.C10.L03.A02, but do not treat different documented speakers as the same person. Do not copy source screenshots or branding.","B2 MEDIA QUEUE #0192 | Screen: B2.C10.L03.A02.S04 | Type: ambiguous (proposed video) | Save as: B2-C10-L03-A02-S04.mp4 | Destination: apps/web/public/media/busuu/b2/c10/l03/B2-C10-L03-A02-S04.mp4 | Source: apps/web/content/busuu/b2-c10-l03.v1.json | Target: screenId=B2.C10.L03.A02.S04, proposed visualSrc | Status: needs_review | Renderer/schema and version compatibility prerequisites apply","medium"
"193","pending_generation","B2.C10.L09.A01.S02","B2 > The restaurant > Visiting a restaurant > A01 > S02","B2","C10","L09","A01","S02","video","B2.C10.L09.A01.S02","B2-C10-L09-A01-S02.mp4","apps/web/public/media/busuu/b2/c10/l09/B2-C10-L09-A01-S02.mp4","apps/web/content/busuu/b2-c10-l09.v1.json","visualSrc","Create an original silent video in a 16:9 frame for a Japanese learning scene. Teaching context: Integrate earlier restaurant choice, arrival, ordering and departure through caption-supported models and controlled responses.. Scene/action context: no answer, server scene seek/mute/volume/fullscreen controls. Setting: Two customers arrive, indicate their party size, leave their bags with staff and order two vegetable curries. The staff member speaks while the customers respond through their actions.. People/roles: Restaurant staff. Use only the documented action/context; do not add curriculum events. Duration: 34 seconds (estimate; adjust for the documented action). Camera: Not specified in retained screen material. No exact opening pose/frame specified; establish from the documented scene context. No exact closing pose/frame specified; finish the documented action without adding events. All Japanese words, kanji, subtitles, translations, answer choices, captions and teaching labels are rendered by the app UI: generate no written text, no subtitles, no UI, no logos and no answer overlays. Generate no speech or audio track; the app supplies synthesized dialogue separately. Visual design and clothing are not fixed by the project; establish a consistent design within continuity group B2.C10.L09.A01.S02, but do not treat different documented speakers as the same person. Do not copy source screenshots or branding.","B2 MEDIA QUEUE #0193 | Screen: B2.C10.L09.A01.S02 | Type: video | Save as: B2-C10-L09-A01-S02.mp4 | Destination: apps/web/public/media/busuu/b2/c10/l09/B2-C10-L09-A01-S02.mp4 | Source: apps/web/content/busuu/b2-c10-l09.v1.json | Target: screenId=B2.C10.L09.A01.S02, proposed visualSrc | Status: pending_generation | Renderer/schema and version compatibility prerequisites apply","high"
"194","pending_generation","B2.C10.L09.A01.S10","B2 > The restaurant > Visiting a restaurant > A01 > S10","B2","C10","L09","A01","S10","video","B2.C10.L09.A01.S10","B2-C10-L09-A01-S10.mp4","apps/web/public/media/busuu/b2/c10/l09/B2-C10-L09-A01-S10.mp4","apps/web/content/busuu/b2-c10-l09.v1.json","visualSrc","Create an original silent video in a 16:9 frame for a Japanese learning scene. Teaching context: Integrate earlier restaurant choice, arrival, ordering and departure through caption-supported models and controlled responses.. Scene/action context: no answer server scene same full controls, Japanese captions on first instance O. Setting: The customers finish their meal, pay, receive their change and bags, and leave.. People/roles: Customer; Restaurant staff. Use only the documented action/context; do not add curriculum events. Duration: 36 seconds (estimate; adjust for the documented action). Camera: Not specified in retained screen material. No exact opening pose/frame specified; establish from the documented scene context. No exact closing pose/frame specified; finish the documented action without adding events. All Japanese words, kanji, subtitles, translations, answer choices, captions and teaching labels are rendered by the app UI: generate no written text, no subtitles, no UI, no logos and no answer overlays. Generate no speech or audio track; the app supplies synthesized dialogue separately. Visual design and clothing are not fixed by the project; establish a consistent design within continuity group B2.C10.L09.A01.S10, but do not treat different documented speakers as the same person. Do not copy source screenshots or branding.","B2 MEDIA QUEUE #0194 | Screen: B2.C10.L09.A01.S10 | Type: video | Save as: B2-C10-L09-A01-S10.mp4 | Destination: apps/web/public/media/busuu/b2/c10/l09/B2-C10-L09-A01-S10.mp4 | Source: apps/web/content/busuu/b2-c10-l09.v1.json | Target: screenId=B2.C10.L09.A01.S10, proposed visualSrc | Status: pending_generation | Renderer/schema and version compatibility prerequisites apply","high"
